date, pm25, pm10, o3, no2, so2, co
2025/11/1, 16, 8, , 4, , 
2025/11/2, 17, 4, , 4, , 
2025/11/3, 5, 9, , 11, , 
2025/11/4, 15, 11, , 10, , 
2025/11/5, 20, 20, , 16, , 
2025/11/6, 46, 16, , 11, , 
2025/11/7, 38, 14, , 8, , 
2025/11/8, 43, 9, , 12, , 
2025/11/9, 27, 9, , 11, , 
2025/11/10, 20, 6, , 8, , 
2025/11/11, 9, 8, , 5, , 
2025/11/12, 14, 15, , 1, , 
2025/11/13, 25, , , , , 
2025/10/1, 5, 8, , 7, , 
2025/10/2, 16, 7, , 3, , 
2025/10/3, 11, 11, , 1, , 
2025/10/4, 24, 16, , 1, , 
2025/10/5, 34, 29, , 2, , 
2025/10/6, 23, 25, , 4, , 
2025/10/7, 23, 33, , 4, , 
2025/10/8, 31, 33, , 3, , 
2025/10/9, 28, 20, , 2, , 
2025/10/10, 15, 7, , 3, , 
2025/10/11, 10, 4, , 4, , 
2025/10/12, 13, 14, , 10, , 
2025/10/13, 45, 17, , 10, , 
2025/10/14, 46, 22, , 12, , 
2025/10/15, 49, 20, , 8, , 
2025/10/16, 40, 13, , 9, , 
2025/10/17, 30, 15, , 6, , 
2025/10/18, 39, 15, , 5, , 
2025/10/19, 44, 12, , 15, , 
2025/10/20, 29, 8, , 10, , 
2025/10/21, 17, 10, , 10, , 
2025/10/22, 15, 12, , 9, , 
2025/10/23, 17, 8, , 7, , 
2025/10/24, 13, 4, , 4, , 
2025/10/25, 7, 5, , 5, , 
2025/10/26, 11, 8, , 6, , 
2025/10/27, 13, 17, , 4, , 
2025/10/28, 27, 9, , 8, , 
2025/10/29, 14, 11, , 11, , 
2025/10/30, 19, 13, , 8, , 
2025/10/31, 24, 8, , 4, , 
2025/7/1, 12, 6, , 5, , 
2025/7/2, 12, 20, , 3, , 
2025/7/3, 18, 17, , 3, , 
2025/7/4, 18, 2, , , , 
2025/7/5, 2, 5, , 2, , 
2025/7/6, 11, 20, , 3, , 
2025/7/7, 23, 33, , 4, , 
2025/7/8, 37, 23, , 2, , 
2025/7/9, 15, 11, , 5, , 
2025/7/10, 16, 13, , 6, , 
2025/7/11, 18, 11, , 4, , 
2025/7/12, 21, 6, , 1, , 
2025/7/13, 17, 16, , 4, , 
2025/7/14, 29, 16, , 4, , 
2025/7/15, 23, 14, , 2, , 
2025/7/16, 29, 15, , 5, , 
2025/7/17, 29, 10, , 6, , 
2025/7/18, 14, 11, , 3, , 
2025/7/19, 23, 16, , 3, , 
2025/7/20, 45, 10, , 4, , 
2025/7/21, 24, 11, , 3, , 
2025/7/22, 24, 19, , 4, , 
2025/7/23, 51, 23, , 5, , 
2025/7/24, 64, 30, , 4, , 
2025/7/25, 43, 11, , 2, , 
2025/7/26, 23, 9, , 1, , 
2025/7/27, 22, 11, , 3, , 
2025/7/28, 13, 9, , 6, , 
2025/7/29, 17, 25, , 3, , 
2025/7/30, 24, 9, , 3, , 
2025/7/31, 10, 5, , 5, , 
2025/8/1, 7, 12, , 3, , 
2025/8/2, 18, 9, , 1, , 
2025/8/3, 16, 22, , 1, , 
2025/8/4, 24, 34, , 1, , 
2025/8/5, 37, 35, , 2, , 
2025/8/6, 42, 38, , 3, , 
2025/8/7, 33, 51, , 3, , 
2025/8/8, 44, 14, , 2, , 
2025/8/9, 27, 9, , 3, , 
2025/8/10, 23, 16, , 6, , 
2025/8/11, 31, 17, , 6, , 
2025/8/12, 45, 31, , 8, , 
2025/8/13, 69, 42, , 5, , 
2025/8/14, 55, 12, , 4, , 
2025/8/15, 25, 10, , 1, , 
2025/8/16, 22, 11, , 2, , 
2025/8/17, 26, 14, , 1, , 
2025/8/18, 22, 14, , , , 
2025/8/19, 17, 14, , 2, , 
2025/8/20, 18, 13, , 4, , 
2025/8/21, 17, 11, , 5, , 
2025/8/22, 19, 10, , 2, , 
2025/8/23, 17, 10, , 6, , 
2025/8/24, 27, 31, , 7, , 
2025/8/25, 41, 34, , 5, , 
2025/8/26, 29, 13, , 7, , 
2025/8/27, 19, 7, , 5, , 
2025/8/28, 11, 8, , 5, , 
2025/8/29, 12, 6, , 3, , 
2025/8/30, 11, 11, , 2, , 
2025/8/31, 22, 16, , 4, , 
2025/9/1, 16, 16, , 7, , 
2025/9/2, 16, 8, , 8, , 
2025/9/3, 15, 5, , 5, , 
2025/9/4, 8, 10, , 4, , 
2025/9/5, 13, 7, , 3, , 
2025/9/6, 13, 9, , 3, , 
2025/9/7, 18, 22, , 6, , 
2025/9/8, 21, 13, , 5, , 
2025/9/9, 14, 19, , 5, , 
2025/9/10, 18, 29, , 3, , 
2025/9/11, 22, 25, , , , 
2025/9/12, 22, 5, , 2, , 
2025/9/13, 8, 6, , 2, , 
2025/9/14, 11, 5, , 3, , 
2025/9/15, 9, 8, , 2, , 
2025/9/16, 12, 18, , 3, , 
2025/9/17, 21, 53, , 2, , 
2025/9/18, 44, 13, , 2, , 
2025/9/19, 16, 10, , 2, , 
2025/9/20, 18, 5, , 2, , 
2025/9/21, 9, 19, , 3, , 
2025/9/22, 18, 13, , 8, , 
2025/9/23, 17, 14, , 10, , 
2025/9/24, 18, 12, , 5, , 
2025/9/25, 13, 19, , 5, , 
2025/9/26, 22, 15, , 3, , 
2025/9/27, 27, 5, , 4, , 
2025/9/28, 12, 8, , 10, , 
2025/9/29, 17, 10, , 5, , 
2025/9/30, 18, 4, , 5, , 
2025/4/1, 40, 23, , 4, , 
2025/4/2, 32, 30, , 3, , 
2025/4/3, 39, 27, , 1, , 
2025/4/4, 47, 23, , , , 
2025/4/5, 38, 17, , , , 
2025/4/6, 32, 17, , 10, , 
2025/4/7, 34, 21, , 7, , 
2025/4/8, 40, 22, , 5, , 
2025/4/9, 39, 27, , 9, , 
2025/4/10, 50, 25, , 8, , 
2025/4/11, 59, 25, , 15, , 
2025/4/12, 53, 8, , 3, , 
2025/4/13, 16, 5, , 8, , 
2025/4/14, 8, 12, , 7, , 
2025/4/15, 18, 16, , 2, , 
2025/4/16, 27, 4, , 6, , 
2025/4/17, 8, 14, , 8, , 
2025/4/18, 22, 10, , , , 
2025/4/19, 20, 7, 28, 2, , 
2025/4/20, 14, 12, 25, 7, , 
2025/4/21, 32, 15, 27, 8, , 
2025/4/22, 23, 17, 28, 4, , 
2025/4/23, 41, 17, 29, 4, , 
2025/4/24, 29, 17, 28, 5, , 
2025/4/25, 29, 15, 18, 6, , 
2025/4/26, 45, 6, , 2, , 
2025/4/27, 15, 16, , 5, , 
2025/4/28, 26, 25, , 13, , 
2025/4/29, 35, 23, , 14, , 
2025/4/30, 42, , , , , 
2025/5/7, 27, 13, , 6, , 
2025/5/8, 22, 14, , 8, , 
2025/5/9, 24, 15, , 8, , 
2025/5/10, 32, 23, , 7, , 
2025/5/11, 45, 36, , 1, , 
2025/5/12, 60, 22, , 1, , 
2025/5/13, 49, 28, , , , 
2025/5/14, 41, 30, , 3, , 
2025/5/15, 44, 24, , 6, , 
2025/5/16, 44, 18, , 4, , 
2025/5/17, 39, 32, , 2, , 
2025/5/18, 41, 40, , , , 
2025/5/19, 54, 25, , 4, , 
2025/5/20, 38, 42, , 1, , 
2025/5/21, 48, 30, , 2, , 
2025/5/22, 28, 23, , 3, , 
2025/5/23, 27, 4, , 3, , 
2025/5/24, 9, 7, , 1, , 
2025/5/25, 11, 7, , 3, , 
2025/5/26, 12, 7, , 3, , 
2025/5/27, 12, 12, , 4, , 
2025/5/28, 14, 11, , 3, , 
2025/5/29, 13, 13, , 3, , 
2025/5/30, 18, 8, , 5, , 
2025/5/31, 18, 7, , 2, , 
2025/6/1, 14, 31, , 3, , 
2025/6/2, 30, 19, , 3, , 
2025/6/3, 24, 27, , 3, , 
2025/6/4, 26, 22, , 4, , 
2025/6/5, 26, 14, , 4, , 
2025/6/6, 19, 7, , 6, , 
2025/6/7, 12, 7, , 2, , 
2025/6/8, 17, 31, , 6, , 
2025/6/9, 78, 11, , 7, , 
2025/6/10, 26, 23, , 6, , 
2025/6/11, 45, 41, , 5, , 
2025/6/12, 57, 58, , 4, , 
2025/6/13, 44, 13, , 5, , 
2025/6/14, 32, 5, , 1, , 
2025/6/15, 16, 24, , 3, , 
2025/6/16, 38, 28, , 3, , 
2025/6/17, 35, 21, , 4, , 
2025/6/18, 23, 16, , 6, , 
2025/6/19, 30, 22, , 8, , 
2025/6/20, 43, 11, , 3, , 
2025/6/21, 32, 8, , 2, , 
2025/6/22, 21, 73, , 1, , 
2025/6/23, 45, 24, , 3, , 
2025/6/24, 21, 15, , 4, , 
2025/6/25, 15, 18, , 4, , 
2025/6/26, 19, 32, , 4, , 
2025/6/27, 23, 16, , 1, , 
2025/6/28, 30, 14, , 3, , 
2025/6/29, 31, 39, , 4, , 
2025/6/30, 28, 10, , 1, , 
2025/1/1, 14, 4, , 8, , 
2025/1/2, 11, 6, , 18, , 
2025/1/3, 16, 6, , 18, , 
2025/1/4, 21, 6, , 7, , 
2025/1/5, 17, 2, , 9, , 
2025/1/6, 5, 4, , 9, , 
2025/1/7, 8, 6, , 16, , 
2025/1/8, 14, 7, , 15, , 
2025/1/9, 17, 11, , 29, , 
2025/1/10, 29, 11, , 26, , 
2025/1/11, 38, 9, , 24, , 
2025/1/12, 34, 2, , 7, , 
2025/1/13, 5, 5, , 10, , 
2025/1/14, 15, 4, , 9, , 
2025/1/15, 9, 30, , 13, , 
2025/1/16, 31, 7, , 8, , 
2025/1/17, 20, 8, , 7, , 
2025/1/18, 27, 9, , 13, , 
2025/1/19, 32, 9, , 14, , 
2025/1/20, 31, 6, , 15, , 
2025/1/21, 18, 9, , 22, , 
2025/1/22, 28, 6, , 12, , 
2025/1/23, 16, 8, , 1, , 
2025/1/24, 18, 3, , 4, , 
2025/1/25, 8, 4, , 3, , 
2025/1/26, 9, 7, , 11, , 
2025/1/27, 13, 7, , 10, , 
2025/1/28, 14, 5, , 8, , 
2025/1/29, 10, 5, , 10, , 
2025/1/30, 10, 7, , 15, , 
2025/1/31, 23, 10, , 15, , 
2025/2/1, 30, 3, , 8, , 
2025/2/2, 13, 3, , 6, , 
2025/2/3, 8, 2, , 4, , 
2025/2/4, 4, 5, , 7, , 
2025/2/5, 12, 12, , 19, , 
2025/2/6, 25, 9, , 7, , 
2025/2/7, 22, 9, , 1, , 
2025/2/8, 20, 18, , , , 
2025/2/9, 49, 13, , , , 
2025/2/10, 27, 23, , , , 
2025/2/11, 47, 19, , 1, , 
2025/2/12, 39, 10, , 5, , 
2025/2/13, 16, 15, , 4, , 
2025/2/14, 31, 12, , 6, , 
2025/2/15, 42, 11, , 4, , 
2025/2/16, 38, 16, , 7, , 
2025/2/17, 50, 20, , 6, , 
2025/2/18, 52, 29, , 9, , 
2025/2/19, 75, 6, , , , 
2025/2/20, 15, 5, , , , 
2025/2/21, 14, , , , , 
2025/3/24, 13, 5, , , , 
2025/3/25, 9, 13, , 6, , 
2025/3/26, 25, 8, , 4, , 
2025/3/27, 11, 6, , 3, , 
2025/3/28, 14, 12, , 2, , 
2025/3/29, 26, 10, , 2, , 
2025/3/30, 22, 12, , 8, , 
2025/3/31, 23, 27, , 9, , 
2024/10/1, 44, 24, , 3, , 
2024/10/2, 31, 11, , 13, , 
2024/10/3, 23, 11, , 9, , 
2024/10/4, 17, 8, , 7, , 
2024/10/5, 26, 14, , 5, , 
2024/10/6, 46, 14, , 12, , 
2024/10/7, 31, 8, , 1, , 
2024/10/8, 17, 11, , 3, , 
2024/10/9, 15, 7, , 7, , 
2024/10/10, 12, 6, , 5, , 
2024/10/11, 10, 2, , 4, , 
2024/10/12, 5, 4, , 7, , 
2024/10/13, 10, 13, , 16, , 
2024/10/14, 21, 21, , 11, , 
2024/10/15, 41, 13, , 8, , 
2024/10/16, 27, 9, , 10, , 
2024/10/17, 16, 9, , 6, , 
2024/10/18, 12, 10, , 9, , 
2024/10/19, 26, 9, , 2, , 
2024/10/20, 21, 20, , 4, , 
2024/10/21, 26, 13, , 5, , 
2024/10/22, 23, 9, , 8, , 
2024/10/23, 15, 13, , 7, , 
2024/10/24, 21, 17, , 5, , 
2024/10/25, 50, 9, , 6, , 
2024/10/26, 25, 6, , 5, , 
2024/10/27, 14, 4, , 8, , 
2024/10/28, 8, 3, , 5, , 
2024/10/29, 4, 3, , 6, , 
2024/10/30, 5, 4, , 3, , 
2024/10/31, 4, 3, , 3, , 
2024/11/1, 6, 6, , 8, , 
2024/11/2, 20, 3, , 7, , 
2024/11/3, 7, 11, , 9, , 
2024/11/4, 29, 27, , 13, , 
2024/11/5, 67, 20, , 13, , 
2024/11/6, 51, 9, , 8, , 
2024/11/7, 17, 22, , 7, , 
2024/11/8, 50, 21, , 10, , 
2024/11/9, 64, 12, , 8, , 
2024/11/10, 40, 15, , 14, , 
2024/11/11, 31, 11, , 18, , 
2024/11/12, 29, 4, , 6, , 
2024/11/13, 10, 7, , 16, , 
2024/11/14, 15, 2, , 4, , 
2024/11/15, 4, 8, , 5, , 
2024/11/16, 20, 6, , 10, , 
2024/11/17, 16, 9, , 20, , 
2024/11/18, 22, 7, , 11, , 
2024/11/19, 14, 6, , 10, , 
2024/11/20, 11, 4, , 7, , 
2024/11/21, 7, 4, , 15, , 
2024/11/22, 12, 5, , 9, , 
2024/11/23, 15, 7, , 4, , 
2024/11/24, 17, 6, , 3, , 
2024/11/25, 13, 9, , 16, , 
2024/11/26, 16, 16, , 13, , 
2024/11/27, 22, 10, , 23, , 
2024/11/28, 24, 8, , 21, , 
2024/11/29, 21, 2, , 6, , 
2024/11/30, 7, 2, , 5, , 
2024/12/1, 7, 5, , 11, , 
2024/12/2, 9, 8, , 14, , 
2024/12/3, 16, 6, , 13, , 
2024/12/4, 14, 7, , 9, , 
2024/12/5, 16, 8, , 8, , 
2024/12/6, 18, 3, , 8, , 
2024/12/7, 5, 8, , 9, , 
2024/12/8, 11, 11, , 15, , 
2024/12/9, 18, 12, , 24, , 
2024/12/10, 31, 9, , 17, , 
2024/12/11, 35, 7, , 15, , 
2024/12/12, 27, 5, , 13, , 
2024/12/13, 15, 4, , 7, , 
2024/12/14, 10, 1, , 2, , 
2024/12/15, 3, 4, , 3, , 
2024/12/16, 11, 4, , 7, , 
2024/12/17, 11, 3, , 6, , 
2024/12/18, 7, 4, , 10, , 
2024/12/19, 8, 5, , 7, , 
2024/12/20, 12, 7, , 3, , 
2024/12/21, 18, 6, , 3, , 
2024/12/22, 15, 6, , 11, , 
2024/12/23, 14, 1, , 4, , 
2024/12/24, 2, 1, , 3, , 
2024/12/25, 3, 3, , 11, , 
2024/12/26, 11, 2, , 12, , 
2024/12/27, 8, 2, , 5, , 
2024/12/28, 5, 5, , 2, , 
2024/12/29, 12, , , , , 
2024/7/1, 32, 35, , 3, , 
2024/7/2, 32, 38, , 3, , 
2024/7/3, 26, 23, , 1, , 
2024/7/4, 24, 12, , 2, , 
2024/7/5, 17, 5, , 3, , 
2024/7/6, 10, 3, , 2, , 
2024/7/7, 8, 7, , 3, , 
2024/7/8, 10, 14, , 1, , 
2024/7/9, 20, 5, , 6, , 
2024/7/10, 6, 6, , 6, , 
2024/7/11, 12, 5, , 3, , 
2024/7/12, 8, 5, , 1, , 
2024/7/13, 12, 7, , 3, , 
2024/7/14, 17, 13, , 4, , 
2024/7/15, 27, 15, , 3, , 
2024/7/16, 36, 15, , 3, , 
2024/7/17, 17, 18, , 3, , 
2024/7/18, 19, 30, , 3, , 
2024/7/19, 22, 5, , 3, , 
2024/7/20, 8, 5, , 2, , 
2024/7/21, 11, 6, , 2, , 
2024/7/22, 13, 11, , 3, , 
2024/7/23, 19, 17, , 4, , 
2024/7/24, 21, 19, , 3, , 
2024/7/25, 19, 9, , 3, , 
2024/7/26, 16, 6, , 4, , 
2024/7/27, 16, 5, , 1, , 
2024/7/28, 13, 19, , 4, , 
2024/7/29, 20, 23, , 2, , 
2024/7/30, 25, 18, , 2, , 
2024/7/31, 29, 19, , 7, , 
2024/8/1, 27, 49, , 5, , 
2024/8/2, 39, 13, , 2, , 
2024/8/3, 25, 7, , 2, , 
2024/8/4, 15, 11, , 3, , 
2024/8/5, 9, 83, , 3, , 
2024/8/6, 48, 187, , 3, , 
2024/8/7, 62, 27, , 5, , 
2024/8/8, 30, 14, , 2, , 
2024/8/9, 20, 11, , 1, , 
2024/8/10, 24, 9, , 2, , 
2024/8/11, 21, 16, , 6, , 
2024/8/12, 23, 18, , 4, , 
2024/8/13, 22, 26, , 3, , 
2024/8/14, 34, 20, , 3, , 
2024/8/15, 19, 26, , 3, , 
2024/8/16, 26, 8, , 2, , 
2024/8/17, 19, 14, , 1, , 
2024/8/18, 38, 31, , 5, , 
2024/8/19, 44, 30, , 3, , 
2024/8/20, 24, 40, , 3, , 
2024/8/21, 35, 17, , 2, , 
2024/8/22, 21, 5, , 4, , 
2024/8/23, 10, 6, , 2, , 
2024/8/24, 15, 8, , 2, , 
2024/8/25, 17, 7, , 5, , 
2024/8/26, 17, 6, , 4, , 
2024/8/27, 12, 14, , 5, , 
2024/8/28, 15, 27, , 3, , 
2024/8/29, 33, 20, , 6, , 
2024/8/30, 48, 21, , 4, , 
2024/8/31, 53, 12, , , , 
2024/9/1, 30, 12, , 4, , 
2024/9/2, 30, 15, , 4, , 
2024/9/3, 24, 12, , 3, , 
2024/9/4, 22, 15, , 2, , 
2024/9/5, 23, 20, , 1, , 
2024/9/6, 46, 14, , 3, , 
2024/9/7, 48, 10, , 2, , 
2024/9/8, 32, 12, , 4, , 
2024/9/9, 18, 10, , 1, , 
2024/9/10, 12, 7, , 3, , 
2024/9/11, 9, 6, , 5, , 
2024/9/12, 9, 18, , 7, , 
2024/9/13, 19, 7, , 4, , 
2024/9/14, 9, 5, , 2, , 
2024/9/15, 11, 12, , 6, , 
2024/9/16, 20, 10, , 9, , 
2024/9/17, 15, 22, , 7, , 
2024/9/18, 29, 14, , 4, , 
2024/9/19, 21, 13, , 2, , 
2024/9/20, 33, 18, , 1, , 
2024/9/21, 49, 18, , , , 
2024/9/22, 45, 29, , 4, , 
2024/9/23, 62, 13, , 6, , 
2024/9/24, 34, 14, , 5, , 
2024/9/25, 14, 14, , 1, , 
2024/9/26, 20, 5, , 8, , 
2024/9/27, 7, 5, , 6, , 
2024/9/28, 10, 5, , 6, , 
2024/9/29, 13, 15, , 1, , 
2024/9/30, 32, 24, , 1, , 
2024/4/1, 27, 5, , 1, , 
2024/4/2, 11, 12, , 1, , 
2024/4/3, 25, 13, , 3, , 
2024/4/4, 17, 9, , 3, , 
2024/4/5, 16, 10, , 4, , 
2024/4/6, 24, 8, , 2, , 
2024/4/7, 18, 11, , 10, , 
2024/4/8, 20, 5, , 7, , 
2024/4/9, 13, 5, , 9, , 
2024/4/10, 9, 9, , 4, , 
2024/4/11, 22, 3, , 5, , 
2024/4/12, 5, 6, , 3, , 
2024/4/13, 14, 6, , 3, , 
2024/4/14, 14, 4, , 3, , 
2024/4/15, 6, 7, , 5, , 
2024/4/16, 9, 10, , 6, , 
2024/4/17, 13, 6, , 9, , 
2024/4/18, 10, 8, , 5, , 
2024/4/19, 13, 10, , 8, , 
2024/4/20, 20, 9, , 4, , 
2024/4/21, 20, 14, , 9, , 
2024/4/22, 24, 26, , 4, , 
2024/4/23, 33, 28, , 4, , 
2024/4/24, 30, 27, , 3, , 
2024/4/25, 22, 17, , 3, , 
2024/4/26, 14, 12, , 5, , 
2024/4/27, 17, 5, , 3, , 
2024/4/28, 13, 11, , 6, , 
2024/4/29, 12, 35, , 7, , 
2024/4/30, 32, 41, , 4, , 
2024/5/1, 69, 57, , 2, , 
2024/5/2, 67, 36, , 2, , 
2024/5/3, 55, 17, , 5, , 
2024/5/4, 38, 4, , 4, , 
2024/5/5, 14, 8, , 3, , 
2024/5/6, 27, 18, , 3, , 
2024/5/7, 32, 16, , 6, , 
2024/5/8, 30, 8, , 6, , 
2024/5/9, 24, 24, , 10, , 
2024/5/10, 43, 16, , 7, , 
2024/5/11, 44, 19, , 3, , 
2024/5/12, 49, 32, , 4, , 
2024/5/13, 71, 33, , 4, , 
2024/5/14, 74, 26, , 2, , 
2024/5/15, 62, 34, , 2, , 
2024/5/16, 48, 40, , 2, , 
2024/5/17, 61, 25, , 3, , 
2024/5/18, 60, 9, , 1, , 
2024/5/19, 23, 15, , 1, , 
2024/5/20, 17, 20, , 4, , 
2024/5/21, 26, 11, , 5, , 
2024/5/22, 27, 6, , 4, , 
2024/5/23, 9, 5, , 6, , 
2024/5/24, 13, 9, , 3, , 
2024/5/25, 24, 9, , 2, , 
2024/5/26, 27, 5, , 7, , 
2024/5/27, 11, 7, , 6, , 
2024/5/28, 14, 5, , 6, , 
2024/5/29, 10, 8, , 4, , 
2024/5/30, 14, 17, , 4, , 
2024/5/31, 51, 12, , 2, , 
2024/6/1, 30, 8, , 2, , 
2024/6/2, 17, 7, , 2, , 
2024/6/3, 8, 8, , 2, , 
2024/6/4, 14, 11, , 4, , 
2024/6/5, 22, 10, , 3, , 
2024/6/6, 19, 11, , 3, , 
2024/6/7, 26, 8, , 1, , 
2024/6/8, 18, 5, , 1, , 
2024/6/9, 13, 8, , 5, , 
2024/6/10, 12, 8, , 4, , 
2024/6/11, 10, 13, , 4, , 
2024/6/12, 19, 16, , 4, , 
2024/6/13, 22, 3, , 7, , 
2024/6/14, 7, 5, , 5, , 
2024/6/15, 14, 3, , 3, , 
2024/6/16, 8, 4, , 4, , 
2024/6/17, 8, 4, , 3, , 
2024/6/18, 8, 10, , 4, , 
2024/6/19, 15, 13, , 4, , 
2024/6/20, 21, 15, , 5, , 
2024/6/21, 26, 9, , 2, , 
2024/6/22, 13, 4, , 2, , 
2024/6/23, 9, 25, , 5, , 
2024/6/24, 24, 19, , 2, , 
2024/6/25, 26, 15, , 3, , 
2024/6/26, 36, 44, , 3, , 
2024/6/27, 32, 30, , 1, , 
2024/6/28, 26, 17, , 2, , 
2024/6/29, 26, 8, , 3, , 
2024/6/30, 22, 45, , 3, , 
2024/1/1, 20, 10, , 53, , 
2024/1/2, 26, 12, , 70, , 
2024/1/3, 29, 7, , 63, , 
2024/1/4, 16, 8, , 35, , 
2024/1/5, 26, 6, , 21, , 
2024/1/6, 20, 8, , 19, , 
2024/1/7, 26, 9, , 15, , 
2024/1/8, 29, 7, , 5, , 
2024/1/9, 11, 10, , 6, , 
2024/1/10, 18, 5, , 7, , 
2024/1/11, 9, 4, , 8, , 
2024/1/12, 16, 4, , 8, , 
2024/1/13, 12, 4, , 6, , 
2024/1/14, 9, 6, , 32, , 
2024/1/15, 11, 7, , 13, , 
2024/1/16, 10, 5, , 15, , 
2024/1/17, 11, 5, , 13, , 
2024/1/18, 12, 5, , 5, , 
2024/1/19, 11, 3, , 4, , 
2024/1/20, 8, 4, , 2, , 
2024/1/21, 9, 7, , 4, , 
2024/1/22, 19, 10, , 8, , 
2024/1/23, 24, 11, , 5, , 
2024/1/24, 30, 6, , 7, , 
2024/1/25, 15, 6, , 6, , 
2024/1/26, 14, 7, , 3, , 
2024/1/27, 17, 14, , 2, , 
2024/1/28, 26, 9, , 10, , 
2024/1/29, 19, 7, , 11, , 
2024/1/30, 16, 7, , 4, , 
2024/1/31, 14, 8, , 4, , 
2024/2/1, 19, 3, , 2, , 
2024/2/2, 6, 9, , 2, , 
2024/2/3, 23, 3, , 3, , 
2024/2/4, 10, 10, , 2, , 
2024/2/5, 21, 5, , 5, , 
2024/2/6, 10, 6, , 14, , 
2024/2/7, 14, 25, , 11, , 
2024/2/8, 22, 8, , , , 
2024/2/9, 16, 8, , 3, , 
2024/2/10, 16, 11, , 8, , 
2024/2/11, 27, 5, , 6, , 
2024/2/12, 9, 9, , 5, , 
2024/2/13, 20, 7, , , , 
2024/2/14, 22, 5, , , , 
2024/2/15, 16, 4, , , , 
2024/2/16, 10, 3, , , , 
2024/2/17, 8, 9, , , , 
2024/2/18, 23, 13, , , , 
2024/2/19, 33, 13, , , , 
2024/2/20, 23, 8, , , , 
2024/2/21, 18, 4, , , , 
2024/2/22, 7, 4, , , , 
2024/2/23, 8, 5, , , , 
2024/2/24, 16, 6, , , , 
2024/2/25, 22, 6, , , , 
2024/2/26, 10, 13, , , , 
2024/2/27, 20, 10, , , , 
2024/2/28, 23, 8, , 2, , 
2024/2/29, 15, 18, , 5, , 
2024/3/1, 21, 5, , 15, , 
2024/3/2, 16, 3, , 8, , 
2024/3/3, 9, 22, , 9, , 
2024/3/4, 28, 24, , 8, , 
2024/3/5, 27, 25, , 9, , 
2024/3/6, 49, 39, , 8, , 
2024/3/7, 60, 36, , 2, , 
2024/3/8, 54, 39, , , , 
2024/3/9, 70, 32, , , , 
2024/3/10, 74, 22, , 3, , 
2024/3/11, 53, 19, , 9, , 
2024/3/12, 46, 4, , 5, , 
2024/3/13, 8, 6, , 7, , 
2024/3/14, 13, 4, , 7, , 
2024/3/15, 8, 4, , 12, , 
2024/3/16, 12, 4, , 9, , 
2024/3/17, 12, 12, , 7, , 
2024/3/18, 14, 13, , 7, , 
2024/3/19, 20, 11, , 9, , 
2024/3/20, 28, 13, , 8, , 
2024/3/21, 29, 10, , 3, , 
2024/3/22, 23, 7, , 2, , 
2024/3/23, 18, 6, , 4, , 
2024/3/24, 14, 17, , 2, , 
2024/3/25, 25, 13, , 2, , 
2024/3/26, 12, 11, , 8, , 
2024/3/27, 18, 12, , 4, , 
2024/3/28, 25, 5, , 9, , 
2024/3/29, 11, 4, , 9, , 
2024/3/30, 10, 9, , 4, , 
2024/3/31, 22, 20, , 1, , 
2023/10/1, 13, 9, , 7, , 
2023/10/2, 19, 8, , 5, , 
2023/10/3, 17, 6, , 5, , 
2023/10/4, 16, 6, , 10, , 
2023/10/5, 9, 5, , 5, , 
2023/10/6, 10, 4, , , , 
2023/10/7, 7, 7, , 6, , 
2023/10/8, 16, 5, , 8, , 
2023/10/9, 9, 12, , 5, , 
2023/10/10, 20, 11, , 5, , 
2023/10/11, 21, 7, , 9, , 
2023/10/12, 11, 8, , 5, , 
2023/10/13, 16, 7, , 3, , 
2023/10/14, 15, 5, , 5, , 
2023/10/15, 12, 9, , 16, , 
2023/10/16, 15, 16, , 12, , 
2023/10/17, 30, 47, , 5, , 
2023/10/18, 47, 22, , 3, , 
2023/10/19, 34, 19, , , , 
2023/10/20, 38, 9, , 3, , 
2023/10/21, 17, 4, , 8, , 
2023/10/22, 11, 10, , 12, , 
2023/10/23, 23, 9, , 5, , 
2023/10/24, 19, 9, , 4, , 
2023/10/25, 15, 10, , 5, , 
2023/10/26, 15, 12, , 3, , 
2023/10/27, 21, 13, , 1, , 
2023/10/28, 23, 17, , , , 
2023/10/29, 33, 19, , 2, , 
2023/10/30, 28, 22, , 10, , 
2023/10/31, 24, 8, , 7, , 
2023/11/1, 14, 8, , , , 
2023/11/2, 16, 3, , , , 
2023/11/3, 6, 6, , , , 
2023/11/4, 15, 6, , , , 
2023/11/5, 20, 5, , , , 
2023/11/6, 14, 4, , , , 
2023/11/7, 8, 8, , , , 
2023/11/8, 16, 8, , , , 
2023/11/9, 18, 8, , , , 
2023/11/10, 23, 8, , , , 
2023/11/11, 24, 9, , , , 
2023/11/12, 27, 6, , , , 
2023/11/13, 13, 7, , , , 
2023/11/14, 16, 7, , , , 
2023/11/15, 16, 9, , , , 
2023/11/16, 21, 6, , 22, , 
2023/11/17, 19, 4, , 11, , 
2023/11/18, 10, 3, , 5, , 
2023/11/19, 7, 2, , 15, , 
2023/11/20, 5, 6, , 24, , 
2023/11/21, 12, 5, , 2, , 
2023/11/22, 7, 6, , 2, , 
2023/11/23, 13, 6, , 7, , 
2023/11/24, 13, 7, , 15, , 
2023/11/25, 23, 11, , 19, , 
2023/11/26, 39, 7, , 8, , 
2023/11/27, 15, 9, , 13, , 
2023/11/28, 17, 8, , 17, , 
2023/11/29, 16, 7, , 16, , 
2023/11/30, 14, 15, , 22, , 
2023/12/1, 45, 12, , 22, , 
2023/12/2, 39, 14, , 14, , 
2023/12/3, 41, 12, , 4, , 
2023/12/4, 26, 13, , 9, , 
2023/12/5, 25, 9, , 15, , 
2023/12/6, 24, 5, , 6, , 
2023/12/7, 15, 7, , 11, , 
2023/12/8, 16, 6, , 5, , 
2023/12/9, 14, 7, , 6, , 
2023/12/10, 16, 5, , 13, , 
2023/12/11, 11, 10, , 2, , 
2023/12/12, 15, 8, , 11, , 
2023/12/13, 16, 9, , 30, , 
2023/12/14, 21, 5, , 20, , 
2023/12/15, 11, 2, , 12, , 
2023/12/16, 5, 2, , 11, , 
2023/12/17, 6, 2, , 22, , 
2023/12/18, 4, 8, , 23, , 
2023/12/19, 17, 4, , 16, , 
2023/12/20, 10, 8, , 11, , 
2023/12/21, 17, 4, , 14, , 
2023/12/22, 9, 2, , 9, , 
2023/12/23, 6, 6, , 5, , 
2023/12/24, 15, 7, , 16, , 
2023/12/25, 17, 4, , 36, , 
2023/12/26, 12, 3, , 19, , 
2023/12/27, 6, 4, , 15, , 
2023/12/28, 10, 4, , 38, , 
2023/12/29, 12, 5, , 32, , 
2023/12/30, 13, 6, , 34, , 
2023/12/31, 17, 7, , 25, , 
2023/7/1, 14, 5, , 1, , 
2023/7/2, 10, 8, , 2, , 
2023/7/3, 13, 7, , 4, , 
2023/7/4, 15, 4, , 5, , 
2023/7/5, 8, 5, , 7, , 
2023/7/6, 9, 6, , 4, , 
2023/7/7, 12, 18, , 6, , 
2023/7/8, 49, 8, , 4, , 
2023/7/9, 21, 8, , 5, , 
2023/7/10, 16, 4, , 4, , 
2023/7/11, 7, 4, , 6, , 
2023/7/12, 8, 5, , 4, , 
2023/7/13, 9, 6, , 6, , 
2023/7/14, 12, 4, , 3, , 
2023/7/15, 6, 4, , 1, , 
2023/7/16, 7, 5, , 3, , 
2023/7/17, 7, 4, , 6, , 
2023/7/18, 7, 6, , 6, , 
2023/7/19, 11, 9, , 5, , 
2023/7/20, 25, 6, , 6, , 
2023/7/21, 17, 5, , 2, , 
2023/7/22, 13, 10, , , , 
2023/7/23, 19, 4, , 7, , 
2023/7/24, 7, 5, , 5, , 
2023/7/25, 12, 5, , 5, , 
2023/7/26, 13, 8, , 4, , 
2023/7/27, 20, 6, , 6, , 
2023/7/28, 11, 4, , 4, , 
2023/7/29, 11, 4, , 3, , 
2023/7/30, 10, 3, , 6, , 
2023/7/31, 7, 7, , 2, , 
2023/8/1, 14, 8, , 2, , 
2023/8/2, 16, 4, , 7, , 
2023/8/3, 7, 4, , 7, , 
2023/8/4, 9, 6, , 3, , 
2023/8/5, 14, 5, , 4, , 
2023/8/6, 15, 4, , 4, , 
2023/8/7, 7, 5, , 4, , 
2023/8/8, 9, 5, , 7, , 
2023/8/9, 8, 12, , 8, , 
2023/8/10, 27, 9, , 6, , 
2023/8/11, 22, 5, , 5, , 
2023/8/12, 13, 4, , 4, , 
2023/8/13, 11, 6, , 4, , 
2023/8/14, 13, 8, , 7, , 
2023/8/15, 15, 7, , 4, , 
2023/8/16, 14, 11, , 5, , 
2023/8/17, 17, 10, , 2, , 
2023/8/18, 16, 7, , 3, , 
2023/8/19, 15, 6, , 3, , 
2023/8/20, 16, 7, , 5, , 
2023/8/21, 16, 5, , 4, , 
2023/8/22, 8, 8, , 7, , 
2023/8/23, 12, 5, , 5, , 
2023/8/24, 9, 4, , 8, , 
2023/8/25, 8, 3, , 5, , 
2023/8/26, 7, 3, , 4, , 
2023/8/27, 6, 7, , 5, , 
2023/8/28, 15, 8, , 4, , 
2023/8/29, 17, 4, , 8, , 
2023/8/30, 9, 11, , 8, , 
2023/8/31, 16, 7, , 5, , 
2023/9/1, 10, 6, , 5, , 
2023/9/2, 18, 9, , 2, , 
2023/9/3, 17, 7, , 9, , 
2023/9/4, 13, 11, , 7, , 
2023/9/5, 23, 15, , 5, , 
2023/9/6, 39, 10, , 6, , 
2023/9/7, 28, 13, , 9, , 
2023/9/8, 38, 18, , 9, , 
2023/9/9, 44, 7, , 6, , 
2023/9/10, 19, 5, , 5, , 
2023/9/11, 13, 5, , 6, , 
2023/9/12, 9, 8, , 8, , 
2023/9/13, 12, 5, , 6, , 
2023/9/14, 10, 6, , 7, , 
2023/9/15, 11, 6, , 1, , 
2023/9/16, 11, 6, , 3, , 
2023/9/17, 13, 6, , 5, , 
2023/9/18, 14, 3, , 7, , 
2023/9/19, 8, 3, , 4, , 
2023/9/20, 5, 5, , 5, , 
2023/9/21, 10, 4, , 7, , 
2023/9/22, 8, 5, , 5, , 
2023/9/23, 11, 3, , 4, , 
2023/9/24, 8, 8, , 5, , 
2023/9/25, 20, 10, , 7, , 
2023/9/26, 23, 5, , 8, , 
2023/9/27, 12, 8, , 4, , 
2023/9/28, 19, 11, , 3, , 
2023/9/29, 27, 7, , 7, , 
2023/9/30, 16, 5, , 7, , 
2023/4/1, 27, 18, , 4, , 
2023/4/2, 36, 12, , 12, , 
2023/4/3, 22, 17, , 16, , 
2023/4/4, 42, 4, , 14, , 
2023/4/5, 12, 4, , 6, , 
2023/4/6, 9, 7, , 6, , 
2023/4/7, 14, 12, , 5, , 
2023/4/8, 34, 15, , 4, , 
2023/4/9, 46, 6, , 5, , 
2023/4/10, 14, 6, , 6, , 
2023/4/11, 9, 7, , 4, , 
2023/4/12, 11, 4, , 14, , 
2023/4/13, 11, 7, , 11, , 
2023/4/14, 12, 7, , 10, , 
2023/4/15, 20, 4, , 6, , 
2023/4/16, 10, 12, , 8, , 
2023/4/17, 31, 16, , 3, , 
2023/4/18, 37, 22, , 2, , 
2023/4/19, 37, 11, , 2, , 
2023/4/20, 23, 24, , 1, , 
2023/4/21, 30, 23, , 2, , 
2023/4/22, 37, 7, , 5, , 
2023/4/23, 21, 8, , 4, , 
2023/4/24, 14, 7, , 8, , 
2023/4/25, 13, 15, , 8, , 
2023/4/26, 26, 18, , 10, , 
2023/4/27, 46, 18, , 13, , 
2023/4/28, 54, 10, , 2, , 
2023/4/29, 21, 7, , 5, , 
2023/4/30, 23, 6, , 5, , 
2023/5/1, 12, 15, , 7, , 
2023/5/2, 27, 15, , 7, , 
2023/5/3, 40, 38, , 4, , 
2023/5/4, 38, 21, , 2, , 
2023/5/5, 52, 10, , 5, , 
2023/5/6, 36, 9, , 4, , 
2023/5/7, 33, 4, , 8, , 
2023/5/8, 12, 14, , 6, , 
2023/5/9, 18, 10, , 12, , 
2023/5/10, 16, 8, , 6, , 
2023/5/11, 18, 7, , 2, , 
2023/5/12, 17, 11, , 8, , 
2023/5/13, 31, 7, , 7, , 
2023/5/14, 18, 6, , 4, , 
2023/5/15, 10, 9, , 3, , 
2023/5/16, 18, 9, , 6, , 
2023/5/17, 20, 12, , 5, , 
2023/5/18, 22, 14, , 6, , 
2023/5/19, 34, 14, , 11, , 
2023/5/20, 40, 7, , 5, , 
2023/5/21, 24, 9, , 7, , 
2023/5/22, 27, 12, , 5, , 
2023/5/23, 26, 14, , 4, , 
2023/5/24, 28, , , , , 
2023/5/31, 20, 12, , 4, , 
2023/6/1, 19, 13, , 3, , 
2023/6/2, 20, 10, , 2, , 
2023/6/3, 23, 8, , 1, , 
2023/6/4, 20, 14, , 2, , 
2023/6/5, 19, 12, , 3, , 
2023/6/6, 19, 20, , 4, , 
2023/6/7, 22, 22, , 4, , 
2023/6/8, 22, 39, , 3, , 
2023/6/9, 37, 22, , 1, , 
2023/6/10, 39, 14, , 3, , 
2023/6/11, 36, 16, , 4, , 
2023/6/12, 40, 20, , 4, , 
2023/6/13, 44, 23, , 5, , 
2023/6/14, 39, 21, , 5, , 
2023/6/15, 29, 15, , 3, , 
2023/6/16, 26, 12, , 3, , 
2023/6/17, 26, 16, , 1, , 
2023/6/18, 37, 8, , 6, , 
2023/6/19, 18, 7, , 6, , 
2023/6/20, 17, 8, , 5, , 
2023/6/21, 20, 8, , 6, , 
2023/6/22, 18, 6, , 11, , 
2023/6/23, 14, 4, , 4, , 
2023/6/24, 9, 5, , 5, , 
2023/6/25, 11, 7, , 4, , 
2023/6/26, 14, 5, , 9, , 
2023/6/27, 10, 5, , 6, , 
2023/6/28, 9, 7, , 5, , 
2023/6/29, 13, 6, , 7, , 
2023/6/30, 14, 7, , 1, , 
2023/1/2, 9, 3, , 9, , 
2023/1/3, 8, 3, , 6, , 
2023/1/4, 9, 3, , 12, , 
2023/1/5, 8, 6, , 6, , 
2023/1/6, 17, 3, , 8, , 
2023/1/7, 8, 8, , 5, , 
2023/1/8, 20, 4, , 8, , 
2023/1/9, 10, 5, , 8, , 
2023/1/10, 12, 7, , 5, , 
2023/1/11, 17, 6, , 8, , 
2023/1/12, 15, 4, , 6, , 
2023/1/13, 8, 2, , 4, , 
2023/1/14, 6, 4, , 7, , 
2023/1/15, 10, 3, , 14, , 
2023/1/16, 8, 3, , 12, , 
2023/1/17, 6, 5, , 12, , 
2023/1/18, 12, 4, , 13, , 
2023/1/19, 10, 9, , 31, , 
2023/1/20, 26, 5, , 25, , 
2023/1/21, 17, 4, , 12, , 
2023/1/22, 14, 2, , 17, , 
2023/1/23, 7, 3, , 15, , 
2023/1/24, 10, 5, , 13, , 
2023/1/25, 13, 5, , 18, , 
2023/1/26, 11, 8, , 25, , 
2023/1/27, 16, 4, , 12, , 
2023/1/28, 10, 5, , 7, , 
2023/1/29, 11, 7, , 12, , 
2023/1/30, 17, 6, , 9, , 
2023/1/31, 15, 5, , 11, , 
2023/2/1, 12, 3, , 10, , 
2023/2/2, 8, 12, , 8, , 
2023/2/3, 29, 5, , 7, , 
2023/2/4, 11, 10, , 12, , 
2023/2/5, 23, 7, , 11, , 
2023/2/6, 15, 7, , 11, , 
2023/2/7, 18, 21, , 9, , 
2023/2/8, 22, 7, , 6, , 
2023/2/9, 16, 5, , 5, , 
2023/2/10, 10, 3, , 5, , 
2023/2/11, 8, 4, , 7, , 
2023/2/12, 11, 19, , 18, , 
2023/2/13, 56, 23, , 17, , 
2023/2/14, 63, 15, , 9, , 
2023/2/15, 29, 5, , 13, , 
2023/2/16, 9, 5, , 4, , 
2023/2/17, 12, 2, , 2, , 
2023/2/18, 3, 2, , 3, , 
2023/2/19, 6, 3, , 4, , 
2023/2/20, 5, 4, , 8, , 
2023/2/21, 6, 3, , 8, , 
2023/2/22, 6, 9, , 9, , 
2023/2/23, 14, 6, , 5, , 
2023/2/24, 10, 6, , 4, , 
2023/2/25, 10, 8, , 7, , 
2023/2/26, 18, 14, , 16, , 
2023/2/27, 27, 10, , 5, , 
2023/2/28, 17, 6, , 2, , 
2023/3/1, 10, 8, , 2, , 
2023/3/2, 18, 10, , 10, , 
2023/3/3, 23, 7, , 10, , 
2023/3/4, 20, 4, , 5, , 
2023/3/5, 11, 6, , 7, , 
2023/3/6, 7, 6, , 9, , 
2023/3/7, 8, 6, , 9, , 
2023/3/8, 7, 9, , 2, , 
2023/3/9, 9, 6, , 8, , 
2023/3/10, 10, 7, , 7, , 
2023/3/11, 12, 6, , 5, , 
2023/3/12, 19, 4, , 4, , 
2023/3/13, 8, 8, , 12, , 
2023/3/14, 14, 8, , 14, , 
2023/3/15, 13, 3, , 9, , 
2023/3/16, 7, 4, , 13, , 
2023/3/17, 10, 5, , 6, , 
2023/3/18, 14, 4, , 7, , 
2023/3/19, 9, 4, , 6, , 
2023/3/20, 11, 2, , 8, , 
2023/3/21, 4, 10, , 5, , 
2023/3/22, 17, 7, , 6, , 
2023/3/23, 13, 4, , 8, , 
2023/3/24, 9, 7, , 4, , 
2023/3/25, 15, 7, , 3, , 
2023/3/26, 14, 6, , 15, , 
2023/3/27, 10, 4, , 15, , 
2023/3/28, 11, 5, , 12, , 
2023/3/29, 14, 7, , 13, , 
2023/3/30, 18, 11, , 3, , 
2023/3/31, 27, 15, , 1, , 
2022/10/1, 14, 7, , 3, , 
2022/10/2, 17, 8, , 8, , 
2022/10/3, 12, 4, , 8, , 
2022/10/4, 7, 3, , 7, , 
2022/10/5, 7, 8, , 4, , 
2022/10/6, 17, 5, , 6, , 
2022/10/7, 12, 6, , 5, , 
2022/10/8, 12, 6, , 3, , 
2022/10/9, 12, 9, , 5, , 
2022/10/10, 18, 8, , 10, , 
2022/10/11, 14, 7, , 8, , 
2022/10/12, 13, 12, , 13, , 
2022/10/13, 20, 4, , 12, , 
2022/10/14, 10, 3, , 5, , 
2022/10/15, 6, 6, , 3, , 
2022/10/16, 12, 7, , 8, , 
2022/10/17, 12, 7, , 8, , 
2022/10/18, 13, 9, , 3, , 
2022/10/19, 16, 13, , 1, , 
2022/10/20, 31, 9, , 8, , 
2022/10/21, 23, 12, , 9, , 
2022/10/22, 31, 7, , 6, , 
2022/10/23, 19, 6, , 12, , 
2022/10/24, 14, 5, , 12, , 
2022/10/25, 10, 6, , 9, , 
2022/10/26, 14, 7, , 10, , 
2022/10/27, 16, 7, , 8, , 
2022/10/28, 14, 8, , 8, , 
2022/10/29, 20, 6, , 6, , 
2022/10/30, 14, 6, , 7, , 
2022/10/31, 15, 7, , 9, , 
2022/11/1, 17, 5, , 7, , 
2022/11/2, 11, 9, , 15, , 
2022/11/3, 21, 6, , 12, , 
2022/11/4, 13, 8, , 12, , 
2022/11/5, 20, 7, , 7, , 
2022/11/6, 19, 6, , 9, , 
2022/11/7, 15, 5, , 9, , 
2022/11/8, 11, 8, , 8, , 
2022/11/9, 15, 12, , 5, , 
2022/11/10, 15, 7, , 5, , 
2022/11/11, 13, 6, , 11, , 
2022/11/12, 16, 10, , 6, , 
2022/11/13, 31, 16, , 11, , 
2022/11/14, 46, 9, , 15, , 
2022/11/15, 24, 7, , 13, , 
2022/11/16, 16, 14, , 5, , 
2022/11/17, 28, 8, , 9, , 
2022/11/18, 16, 4, , 9, , 
2022/11/19, 8, 4, , 11, , 
2022/11/20, 13, 5, , 12, , 
2022/11/21, 13, 11, , 21, , 
2022/11/22, 28, 7, , 12, , 
2022/11/23, 18, 9, , 8, , 
2022/11/24, 20, 8, , 7, , 
2022/11/25, 17, 5, , 5, , 
2022/11/26, 13, 11, , 9, , 
2022/11/27, 28, 9, , 19, , 
2022/11/28, 21, 12, , 20, , 
2022/11/29, 36, 14, , 19, , 
2022/11/30, 44, 12, , 18, , 
2022/12/1, 36, 12, , 11, , 
2022/12/2, 39, 7, , 7, , 
2022/12/3, 18, 8, , 3, , 
2022/12/4, 15, 7, , 1, , 
2022/12/5, 11, 4, , 8, , 
2022/12/6, 10, 6, , 10, , 
2022/12/7, 13, 6, , 14, , 
2022/12/8, 15, 8, , 16, , 
2022/12/9, 19, 5, , 13, , 
2022/12/10, 15, 7, , 11, , 
2022/12/11, 19, 14, , 26, , 
2022/12/12, 44, 10, , 25, , 
2022/12/13, 34, 6, , 17, , 
2022/12/14, 14, 5, , 19, , 
2022/12/15, 13, 4, , 16, , 
2022/12/16, 13, 5, , 12, , 
2022/12/17, 16, 8, , 8, , 
2022/12/18, 32, 3, , 6, , 
2022/12/19, 9, 9, , 12, , 
2022/12/20, 21, 7, , 8, , 
2022/12/21, 16, 7, , 18, , 
2022/12/22, 18, 5, , 7, , 
2022/12/23, 12, 5, , 9, , 
2022/12/24, 12, 4, , 7, , 
2022/12/25, 11, 3, , 4, , 
2022/12/26, 7, 6, , 11, , 
2022/12/27, 18, 4, , 8, , 
2022/12/28, 11, 3, , 5, , 
2022/12/29, 8, 3, , 7, , 
2022/12/30, 8, 5, , 10, , 
2022/12/31, 13, 4, , 6, , 
2023/1/1, 9, 3, , 12, , 
2022/7/1, 13, 4, , 3, , 
2022/7/2, 7, 3, , 1, , 
2022/7/3, 7, 6, , 2, , 
2022/7/4, 10, 7, , 4, , 
2022/7/5, 11, 5, , 2, , 
2022/7/6, 7, 5, , 3, , 
2022/7/7, 8, 5, , 2, , 
2022/7/8, 6, 4, , 2, , 
2022/7/9, 9, 2, , 2, , 
2022/7/10, 5, 11, , 5, , 
2022/7/11, 13, 13, , 3, , 
2022/7/12, 21, 10, , 2, , 
2022/7/13, 15, 7, , 3, , 
2022/7/14, 12, 4, , 7, , 
2022/7/15, 9, 7, , 4, , 
2022/7/16, 17, 10, , 7, , 
2022/7/17, 27, 17, , 12, , 
2022/7/18, 36, 25, , 16, , 
2022/7/19, 43, 14, , 5, , 
2022/7/20, 25, 8, , 3, , 
2022/7/21, 11, 10, , 3, , 
2022/7/22, 13, 6, , 3, , 
2022/7/23, 17, 4, , 3, , 
2022/7/24, 10, 5, , 5, , 
2022/7/25, 8, 7, , 6, , 
2022/7/26, 8, 8, , 4, , 
2022/7/27, 13, 12, , 8, , 
2022/7/28, 25, 9, , 7, , 
2022/7/29, 18, 4, , 3, , 
2022/7/30, 8, 7, , 2, , 
2022/7/31, 15, 8, , 6, , 
2022/8/1, 12, 7, , 4, , 
2022/8/2, 8, 5, , 5, , 
2022/8/3, 9, 6, , 4, , 
2022/8/4, 10, 8, , 5, , 
2022/8/5, 15, 9, , 3, , 
2022/8/6, 20, 5, , 1, , 
2022/8/7, 12, 10, , 6, , 
2022/8/8, 18, 10, , 6, , 
2022/8/9, 16, 17, , 11, , 
2022/8/10, 24, 23, , 14, , 
2022/8/11, 49, 14, , 5, , 
2022/8/12, 33, 9, , 2, , 
2022/8/13, 27, 12, , 2, , 
2022/8/14, 34, 15, , 6, , 
2022/8/15, 44, 6, , 5, , 
2022/8/16, 10, 8, , 1, , 
2022/8/17, 12, 21, , 7, , 
2022/8/18, 20, 12, , 6, , 
2022/8/19, 18, 8, , 3, , 
2022/8/20, 16, 7, , 4, , 
2022/8/21, 16, 8, , 7, , 
2022/8/22, 18, 10, , 11, , 
2022/8/23, 22, 7, , 7, , 
2022/8/24, 14, 9, , 8, , 
2022/8/25, 18, 9, , 9, , 
2022/8/26, 19, 5, , 5, , 
2022/8/27, 11, 8, , 5, , 
2022/8/28, 24, 6, , 5, , 
2022/8/29, 15, 6, , 2, , 
2022/8/30, 9, 7, , 6, , 
2022/8/31, 11, 9, , 8, , 
2022/9/1, 18, 14, , 7, , 
2022/9/2, 18, 18, , 3, , 
2022/9/3, 38, 13, , 4, , 
2022/9/4, 35, 16, , 5, , 
2022/9/5, 32, 11, , 8, , 
2022/9/6, 21, 12, , 8, , 
2022/9/7, 27, 15, , 4, , 
2022/9/8, 35, 16, , 1, , 
2022/9/9, 27, 8, , 4, , 
2022/9/10, 12, 6, , 6, , 
2022/9/11, 13, 4, , 5, , 
2022/9/12, 6, 7, , 7, , 
2022/9/13, 11, 8, , 7, , 
2022/9/14, 12, 6, , 7, , 
2022/9/15, 9, 8, , 4, , 
2022/9/16, 8, 3, , 4, , 
2022/9/17, 6, 3, , 4, , 
2022/9/18, 6, 4, , 6, , 
2022/9/19, 12, 9, , 10, , 
2022/9/20, 23, 18, , 13, , 
2022/9/21, 27, 5, , 9, , 
2022/9/22, 10, 6, , 7, , 
2022/9/23, 11, 4, , 8, , 
2022/9/24, 8, 5, , 3, , 
2022/9/25, 10, 9, , 4, , 
2022/9/26, 18, 7, , 5, , 
2022/9/27, 10, 4, , 8, , 
2022/9/28, 7, 14, , 4, , 
2022/9/29, 27, 12, , 5, , 
2022/9/30, 19, 6, , 4, , 
2022/4/1, 10, , , , , 
2022/4/6, 7, 4, , 3, , 
2022/4/7, 8, 6, , 5, , 
2022/4/8, 11, 5, , 3, , 
2022/4/9, 11, 6, , 2, , 
2022/4/10, 13, 21, , 3, , 
2022/4/11, 38, 17, , 2, , 
2022/4/12, 47, 9, , 4, , 
2022/4/13, 26, 9, , 4, , 
2022/4/14, 20, 18, , 10, , 
2022/4/15, 36, 13, , 10, , 
2022/4/16, 34, 13, , 5, , 
2022/4/17, 33, 5, , 5, , 
2022/4/18, 9, 11, , 9, , 
2022/4/19, 17, 13, , 7, , 
2022/4/20, 24, 18, , 2, , 
2022/4/21, 44, 37, , 2, , 
2022/4/22, 45, 30, , 1, , 
2022/4/23, 44, 19, , 1, , 
2022/4/24, 38, 11, , 3, , 
2022/4/25, 22, 8, , 3, , 
2022/4/26, 14, 14, , 5, , 
2022/4/27, 23, 15, , 11, , 
2022/4/28, 33, 16, , 14, , 
2022/4/29, 34, 15, , 8, , 
2022/4/30, 32, 3, , 4, , 
2022/5/1, 9, 7, , 5, , 
2022/5/2, 16, 15, , 7, , 
2022/5/3, 34, 7, , 7, , 
2022/5/4, 10, 5, , 7, , 
2022/5/5, 11, 4, , 6, , 
2022/5/6, 9, 13, , 2, , 
2022/5/7, 28, 10, , 4, , 
2022/5/8, 28, 7, , 8, , 
2022/5/9, 16, 8, , 6, , 
2022/5/10, 13, 7, , 5, , 
2022/5/11, 12, 7, , 7, , 
2022/5/12, 12, 14, , 6, , 
2022/5/13, 32, 16, , 5, , 
2022/5/14, 41, 16, , 5, , 
2022/5/15, 45, 14, , 2, , 
2022/5/16, 36, 11, , 5, , 
2022/5/17, 23, 9, , 6, , 
2022/5/18, 17, 8, , 7, , 
2022/5/19, 15, 9, , 8, , 
2022/5/20, 14, 7, , 4, , 
2022/5/21, 16, 4, , 3, , 
2022/5/22, 10, 5, , 5, , 
2022/5/23, 7, 5, , 6, , 
2022/5/24, 7, 7, , 5, , 
2022/5/25, 8, 9, , 4, , 
2022/5/26, 15, 10, , 3, , 
2022/5/27, 17, 7, , 3, , 
2022/5/28, 10, 3, , 2, , 
2022/5/29, 6, 6, , 5, , 
2022/5/30, 8, 8, , 6, , 
2022/5/31, 12, 8, , 5, , 
2022/6/1, 17, 11, , 7, , 
2022/6/2, 19, 10, , 1, , 
2022/6/3, 20, 7, , 2, , 
2022/6/4, 17, 7, , 1, , 
2022/6/5, 17, 10, , 3, , 
2022/6/6, 18, 17, , 3, , 
2022/6/7, 27, 11, , 1, , 
2022/6/8, 28, 6, , 8, , 
2022/6/9, 12, 16, , 6, , 
2022/6/10, 28, 9, , 2, , 
2022/6/11, 18, 7, , 4, , 
2022/6/12, 14, 10, , 8, , 
2022/6/13, 20, 9, , 7, , 
2022/6/14, 12, 13, , 9, , 
2022/6/15, 20, 12, , 9, , 
2022/6/16, 19, 8, , 5, , 
2022/6/17, 15, 12, , 2, , 
2022/6/18, 23, 7, , 1, , 
2022/6/19, 18, 13, , 7, , 
2022/6/20, 22, 6, , 6, , 
2022/6/21, 8, 8, , 5, , 
2022/6/22, 9, 8, , 8, , 
2022/6/23, 15, 15, , 8, , 
2022/6/24, 36, 7, , 3, , 
2022/6/25, 15, 6, , 2, , 
2022/6/26, 10, 6, , 6, , 
2022/6/27, 12, 10, , 5, , 
2022/6/28, 17, 5, , 6, , 
2022/6/29, 9, 8, , 8, , 
2022/6/30, 14, 7, , 7, , 
2022/1/3, 14, 8, , 3, , 
2022/1/4, 18, 9, , 15, , 
2022/1/5, 23, 5, , 8, , 
2022/1/6, 12, 3, , 10, , 
2022/1/7, 9, 7, , 8, , 
2022/1/8, 19, 5, , 13, , 
2022/1/9, 17, 6, , 13, , 
2022/1/10, 19, 12, , 13, , 
2022/1/11, 25, 9, , 8, , 
2022/1/12, 20, 5, , 8, , 
2022/1/13, 11, 3, , 12, , 
2022/1/14, 11, 8, , 12, , 
2022/1/15, 30, 8, , 7, , 
2022/1/16, 21, 7, , 9, , 
2022/1/17, 18, 7, , 13, , 
2022/1/18, 24, 6, , 7, , 
2022/1/19, 14, 10, , 16, , 
2022/1/20, 18, 3, , 9, , 
2022/1/21, 11, 3, , 6, , 
2022/1/22, 9, 6, , 6, , 
2022/1/23, 14, 20, , 12, , 
2022/1/24, 40, 23, , 10, , 
2022/1/25, 52, 6, , 7, , 
2022/1/26, 12, 6, 17, 10, , 
2022/1/27, 14, 10, 23, 10, , 
2022/1/28, 22, 8, 26, 3, , 
2022/1/29, 22, 8, 28, 8, , 
2022/1/30, 17, 7, 28, 8, , 
2022/1/31, 13, 15, 27, 3, , 
2022/2/1, 41, 4, 24, 10, , 
2022/2/2, 9, 9, , 6, , 
2022/2/3, 18, 6, , 10, , 
2022/2/4, 14, 4, , 5, , 
2022/2/5, 12, 3, , 4, , 
2022/2/6, 9, 7, , 12, , 
2022/2/7, 15, 8, , 6, , 
2022/2/8, 19, 6, , 9, , 
2022/2/9, 14, 4, , 7, , 
2022/2/10, 10, 13, , 18, , 
2022/2/11, 21, 2, , 5, , 
2022/2/12, 6, 7, , 5, , 
2022/2/13, 16, 3, , 10, , 
2022/2/14, 6, 5, , 11, , 
2022/2/15, 12, 6, , 7, , 
2022/2/16, 15, 5, , 7, , 
2022/2/17, 11, 3, , 6, , 
2022/2/18, 8, 4, , 9, , 
2022/2/19, 9, 9, , 3, , 
2022/2/20, 22, 6, , 11, , 
2022/2/21, 14, 8, , 6, , 
2022/2/22, 19, 7, , 6, , 
2022/2/23, 16, 4, , 8, , 
2022/2/24, 9, 9, , 13, , 
2022/2/25, 19, 8, , 5, , 
2022/2/26, 19, 7, , 8, , 
2022/2/27, 23, 6, , 8, , 
2022/2/28, 16, 15, , 16, , 
2022/3/1, 28, 14, , 7, , 
2022/3/2, 34, 18, , 14, , 
2022/3/3, 52, 4, , 15, , 
2022/3/4, 11, 5, , 11, , 
2022/3/5, 10, 9, , 16, , 
2022/3/6, 27, 9, , 15, , 
2022/3/7, 24, 31, , 6, , 
2022/3/8, 62, 13, , 6, , 
2022/3/9, 30, 8, , 8, , 
2022/3/10, 15, 19, , 8, , 
2022/3/11, 47, 7, , 5, , 
2022/3/12, 13, 7, , 3, , 
2022/3/13, 20, 7, , 8, , 
2022/3/14, 13, 8, , 10, , 
2022/3/15, 18, 5, , 15, , 
2022/3/16, 15, 11, , 10, , 
2022/3/17, 22, 14, , 16, , 
2022/3/18, 32, 16, , 12, , 
2022/3/19, 40, 16, , 3, , 
2022/3/20, 43, 35, , 15, , 
2022/3/21, 79, 41, , 14, , 
2022/3/22, 97, 49, , 17, , 
2022/3/23, 111, 36, , 25, , 
2022/3/24, 76, 25, , 18, , 
2022/3/25, 62, 15, , 15, , 
2022/3/26, 49, 19, , 13, , 
2022/3/27, 58, 21, , 12, , 
2022/3/28, 53, 17, , 8, , 
2022/3/29, 46, 7, , 3, , 
2022/3/30, 11, 7, , 3, , 
2022/3/31, 10, 5, , 5, , 
2021/10/1, 10, 4, , 6, , 
2021/10/2, 11, 3, , 2, , 
2021/10/3, 9, 6, , , , 
2021/10/4, 12, 5, , , , 
2021/10/5, 11, 4, , , , 
2021/10/6, 7, 3, , , , 
2021/10/7, 6, 7, , , , 
2021/10/8, 17, 5, , , , 
2021/10/9, 15, 8, , , , 
2021/10/10, 17, 8, , , , 
2021/10/11, 17, 7, , , , 
2021/10/12, 12, 5, , , , 
2021/10/13, 9, 10, , , , 
2021/10/14, 20, 7, , , , 
2021/10/15, 13, 8, , , , 
2021/10/16, 16, 6, , , , 
2021/10/17, 20, 7, , , , 
2021/10/18, 21, 6, , , , 
2021/10/19, 10, 9, , , , 
2021/10/20, 15, 9, , , , 
2021/10/21, 17, 7, , , , 
2021/10/22, 14, 8, , , , 
2021/10/23, 13, 4, , , , 
2021/10/24, 9, 7, , , , 
2021/10/25, 13, 6, , , , 
2021/10/26, 14, 3, , , , 
2021/10/27, 6, 5, , , , 
2021/10/28, 12, 7, , , , 
2021/10/29, 13, 4, , 9, , 
2021/10/30, 8, 4, , 7, , 
2021/10/31, 11, 4, , 2, , 
2021/11/1, 8, 7, , 11, , 
2021/11/2, 12, 5, , 5, , 
2021/11/3, 8, 7, , 11, , 
2021/11/4, 16, 6, , 7, , 
2021/11/5, 17, 5, , 4, , 
2021/11/6, 15, 10, , 4, , 
2021/11/7, 25, 12, , 15, , 
2021/11/8, 20, 6, , 11, , 
2021/11/9, 11, 12, , 13, , 
2021/11/10, 22, 6, , 10, , 
2021/11/11, 12, 3, , 9, , 
2021/11/12, 9, 10, , 17, , 
2021/11/13, 29, 11, , 18, , 
2021/11/14, 34, 5, , 13, , 
2021/11/15, 12, 8, , 9, , 
2021/11/16, 15, 7, , 11, , 
2021/11/17, 16, 4, , 4, , 
2021/11/18, 10, 6, , 6, , 
2021/11/19, 13, 4, , 5, , 
2021/11/20, 9, 3, , 7, , 
2021/11/21, 8, 5, , 13, , 
2021/11/22, 9, 3, , 11, , 
2021/11/23, 7, 7, , 15, , 
2021/11/24, 15, 10, , 11, , 
2021/11/25, 18, 7, , 3, , 
2021/11/26, 12, 10, , 4, , 
2021/11/27, 17, 4, , 9, , 
2021/11/28, 12, 4, , 14, , 
2021/11/29, 9, 2, , 8, , 
2021/11/30, 8, 5, , 5, , 
2021/12/1, 9, 8, , 14, , 
2021/12/2, 16, 6, , 14, , 
2021/12/3, 15, 3, , 7, , 
2021/12/4, 7, 10, , 15, , 
2021/12/5, 28, 6, , 13, , 
2021/12/6, 15, 5, , 7, , 
2021/12/7, 12, 7, , 16, , 
2021/12/8, 15, 6, , 17, , 
2021/12/9, 14, 5, , 16, , 
2021/12/10, 15, 5, , 15, , 
2021/12/11, 15, 8, , 13, , 
2021/12/12, 22, 8, , 12, , 
2021/12/13, 16, 5, , 10, , 
2021/12/14, 13, 4, , 12, , 
2021/12/15, 8, 9, , 14, , 
2021/12/16, 21, 14, , 26, , 
2021/12/17, 44, 9, , 16, , 
2021/12/18, 37, 6, , 11, , 
2021/12/19, 25, 5, , 13, , 
2021/12/20, 15, 7, , 13, , 
2021/12/21, 25, 18, , 12, , 
2021/12/22, 59, 8, , 9, , 
2021/12/23, 29, 7, , 7, , 
2021/12/24, 15, 10, , 5, , 
2021/12/25, 16, 8, , 5, , 
2021/12/26, 17, 8, , 10, , 
2021/12/27, 20, 8, , 15, , 
2021/12/28, 24, 11, , 8, , 
2021/12/29, 31, 5, , 9, , 
2021/12/30, 17, 5, , 12, , 
2021/12/31, 15, 12, , 3, , 
2022/1/1, 32, 8, , 4, , 
2022/1/2, 21, 5, , 7, , 
2021/7/1, 29, 13, , 12, , 
2021/7/2, 31, 15, , 11, , 
2021/7/3, 45, 12, , 12, , 
2021/7/4, 40, 8, , 11, , 
2021/7/5, 23, 8, , 13, , 
2021/7/6, 17, 8, , 8, , 
2021/7/7, 17, 9, , 7, , 
2021/7/8, 22, 13, , 4, , 
2021/7/9, 35, 11, , 4, , 
2021/7/10, 37, 11, , 5, , 
2021/7/11, 39, 13, , 5, , 
2021/7/12, 34, 8, , 5, , 
2021/7/13, 16, 7, , 6, , 
2021/7/14, 13, 13, , 4, , 
2021/7/15, 20, 9, , 5, , 
2021/7/16, 15, 10, , 1, , 
2021/7/17, 14, 3, , 2, , 
2021/7/18, 9, 9, , 3, , 
2021/7/19, 22, 12, , 4, , 
2021/7/20, 31, 21, , 5, , 
2021/7/21, 44, 14, , 4, , 
2021/7/22, 37, 13, , 3, , 
2021/7/23, 29, 10, , 2, , 
2021/7/24, 26, 10, , 2, , 
2021/7/25, 29, 21, , 9, , 
2021/7/26, 48, 16, , 5, , 
2021/7/27, 38, 6, , 8, , 
2021/7/28, 12, 7, , 7, , 
2021/7/29, 12, 5, , 6, , 
2021/7/30, 13, 5, , 4, , 
2021/7/31, 11, 4, , 2, , 
2021/8/1, 8, 10, , 5, , 
2021/8/2, 15, 11, , 10, , 
2021/8/3, 22, 12, , 8, , 
2021/8/4, 20, 26, , 6, , 
2021/8/5, 35, 13, , 7, , 
2021/8/6, 28, 10, , 3, , 
2021/8/7, 14, 6, , 4, , 
2021/8/8, 18, 8, , 10, , 
2021/8/9, 13, 10, , 7, , 
2021/8/10, 21, 10, , 8, , 
2021/8/11, 17, 11, , 6, , 
2021/8/12, 19, 11, , 5, , 
2021/8/13, 20, 8, , 4, , 
2021/8/14, 21, 7, , 3, , 
2021/8/15, 22, 13, , 6, , 
2021/8/16, 26, 6, , 6, , 
2021/8/17, 12, 11, , 5, , 
2021/8/18, 17, 14, , 6, , 
2021/8/19, 25, 11, , 7, , 
2021/8/20, 30, 6, , 6, , 
2021/8/21, 14, 13, , 4, , 
2021/8/22, 42, 9, , 6, , 
2021/8/23, 28, 12, , 7, , 
2021/8/24, 27, 10, , 4, , 
2021/8/25, 28, 17, , 3, , 
2021/8/26, 28, 12, , 4, , 
2021/8/27, 25, 11, , 8, , 
2021/8/28, 26, 9, , 3, , 
2021/8/29, 23, 12, , 3, , 
2021/8/30, 13, 11, , 5, , 
2021/8/31, 17, 16, , 6, , 
2021/9/1, 35, 15, , 4, , 
2021/9/2, 34, 13, , 4, , 
2021/9/3, 31, 5, , 4, , 
2021/9/4, 14, 11, , 6, , 
2021/9/5, 38, 16, , 13, , 
2021/9/6, 47, 16, , 12, , 
2021/9/7, 33, 26, , 10, , 
2021/9/8, 60, 27, , 6, , 
2021/9/9, 69, 13, , 12, , 
2021/9/10, 41, 4, , 4, , 
2021/9/11, 13, 3, , 4, , 
2021/9/12, 7, 13, , 8, , 
2021/9/13, 18, 9, , 10, , 
2021/9/14, 27, 11, , 13, , 
2021/9/15, 32, 13, , 10, , 
2021/9/16, 18, 5, , 9, , 
2021/9/17, 10, 6, , 5, , 
2021/9/18, 15, 4, , 6, , 
2021/9/19, 9, 8, , 8, , 
2021/9/20, 15, 16, , 7, , 
2021/9/21, 37, 9, , 5, , 
2021/9/22, 14, 7, , 6, , 
2021/9/23, 16, 7, , 5, , 
2021/9/24, 13, 3, , 5, , 
2021/9/25, 6, 4, , 2, , 
2021/9/26, 8, 3, , 8, , 
2021/9/27, 7, 6, , 4, , 
2021/9/28, 13, 8, , 8, , 
2021/9/29, 14, 4, , 9, , 
2021/9/30, 9, 4, , 7, , 
2021/4/1, 20, 12, , 13, , 
2021/4/2, 26, 11, , 8, , 
2021/4/3, 27, 17, , , , 
2021/4/4, 26, 7, , 1, , 
2021/4/5, 11, 14, , 4, , 
2021/4/6, 15, 8, , 3, , 
2021/4/7, 12, 16, , 6, , 
2021/4/8, 20, 7, , 11, , 
2021/4/9, 11, 4, , 5, , 
2021/4/10, 9, 4, , 5, , 
2021/4/11, 11, 7, , 11, , 
2021/4/12, 11, 13, , 11, , 
2021/4/13, 19, 12, , 11, , 
2021/4/14, 21, 11, , 12, , 
2021/4/15, 19, 23, , 13, , 
2021/4/16, 44, 16, , 12, , 
2021/4/17, 41, 17, , 8, , 
2021/4/18, 47, 29, , 14, , 
2021/4/19, 55, 18, , 11, , 
2021/4/20, 34, 12, , 4, , 
2021/4/21, 21, 16, , 13, , 
2021/4/22, 32, 25, , 13, , 
2021/4/23, 40, 9, , 3, , 
2021/4/24, 21, 8, , 4, , 
2021/4/25, 20, 16, , 10, , 
2021/4/26, 28, 11, , 5, , 
2021/4/27, 20, 11, , 5, , 
2021/4/28, 18, 7, , 9, , 
2021/4/29, 11, 9, , 5, , 
2021/4/30, 14, 5, , 6, , 
2021/5/1, 12, 4, , 8, , 
2021/5/2, 15, 12, , 8, , 
2021/5/3, 15, 6, , 7, , 
2021/5/4, 10, 6, , 10, , 
2021/5/5, 10, 4, , 11, , 
2021/5/6, 9, 9, , 13, , 
2021/5/7, 18, 7, , 8, , 
2021/5/8, 15, 9, , 5, , 
2021/5/9, 21, 9, , 10, , 
2021/5/10, 17, 12, , 7, , 
2021/5/11, 24, 8, , 7, , 
2021/5/12, 22, 10, , 6, , 
2021/5/13, 30, 9, , 7, , 
2021/5/14, 17, 9, , 5, , 
2021/5/15, 20, 10, , 5, , 
2021/5/16, 32, 10, , 13, , 
2021/5/17, 27, 8, , 10, , 
2021/5/18, 12, 9, , 8, , 
2021/5/19, 15, 11, , 7, , 
2021/5/20, 15, 10, , 3, , 
2021/5/21, 17, 3, , 7, , 
2021/5/22, 8, 3, , 4, , 
2021/5/23, 7, 3, , 9, , 
2021/5/24, 7, 8, , 11, , 
2021/5/25, 16, 5, , 25, , 
2021/5/26, 12, 9, , 18, , 
2021/5/27, 19, 14, , 19, , 
2021/5/28, 32, 8, , 14, , 
2021/5/29, 32, 8, , 15, , 
2021/5/30, 30, 17, , 15, , 
2021/5/31, 45, 21, , 19, , 
2021/6/1, 48, 30, , 9, , 
2021/6/2, 52, 23, , 5, , 
2021/6/3, 40, 11, , 9, , 
2021/6/4, 15, 7, , 8, , 
2021/6/5, 15, 4, , 4, , 
2021/6/6, 9, 15, , 7, , 
2021/6/7, 24, 18, , 8, , 
2021/6/8, 23, 12, , 6, , 
2021/6/9, 13, 18, , 5, , 
2021/6/10, 19, 13, , 6, , 
2021/6/11, 19, 10, , 3, , 
2021/6/12, 20, 7, , 3, , 
2021/6/13, 12, 9, , 4, , 
2021/6/14, 19, 15, , 7, , 
2021/6/15, 29, 8, , 9, , 
2021/6/16, 16, 10, , 8, , 
2021/6/17, 20, 12, , 5, , 
2021/6/18, 19, 9, , 3, , 
2021/6/19, 23, 8, , 4, , 
2021/6/20, 22, 10, , 5, , 
2021/6/21, 21, 15, , 6, , 
2021/6/22, 30, 8, , 7, , 
2021/6/23, 17, 9, , 6, , 
2021/6/24, 11, 11, , 3, , 
2021/6/25, 12, 6, , 5, , 
2021/6/26, 14, 8, , 4, , 
2021/6/27, 22, 14, , 12, , 
2021/6/28, 36, 16, , 5, , 
2021/6/29, 36, 9, , 4, , 
2021/6/30, 22, 21, , 7, , 
2021/1/4, 15, 7, , , , 
2021/1/5, 14, 7, , 16, , 
2021/1/6, 21, 8, , 18, , 
2021/1/7, 27, 6, , 27, , 
2021/1/8, 17, 5, , 8, , 
2021/1/9, 16, 2, , 5, , 
2021/1/10, 9, 2, , 5, , 
2021/1/11, 7, 7, , 19, , 
2021/1/12, 18, 11, , 24, , 
2021/1/13, 30, 4, , 14, , 
2021/1/14, 14, 8, , 20, , 
2021/1/15, 27, 7, , 5, , 
2021/1/16, 19, 6, , 4, , 
2021/1/17, 14, 6, , 10, , 
2021/1/18, 15, 6, , 20, , 
2021/1/19, 17, 5, , 22, , 
2021/1/20, 17, 3, , 9, , 
2021/1/21, 10, 5, , 14, , 
2021/1/22, 13, 5, , 13, , 
2021/1/23, 15, 6, , 12, , 
2021/1/24, 18, 6, , 12, , 
2021/1/25, 11, 8, , 10, , 
2021/1/26, 24, 11, , 15, , 
2021/1/27, 33, 5, , 6, , 
2021/1/28, 12, 7, , 6, , 
2021/1/29, 13, 6, , 5, , 
2021/1/30, 16, 6, , 5, , 
2021/1/31, 14, 4, , 9, , 
2021/2/1, 9, 4, , 4, , 
2021/2/2, 9, 9, , 2, , 
2021/2/3, 19, 5, , 5, , 
2021/2/4, 11, 9, , 5, , 
2021/2/5, 17, 12, , , , 
2021/2/6, 27, 12, , 1, , 
2021/2/7, 24, 10, , 4, , 
2021/2/8, 17, 7, , 6, , 
2021/2/9, 13, 13, , 16, , 
2021/2/10, 24, 10, , 28, , 
2021/2/11, 27, 10, , 8, , 
2021/2/12, 26, 9, , 4, , 
2021/2/13, 25, 6, , 4, , 
2021/2/14, 20, 8, , 11, , 
2021/2/15, 18, 8, , 9, , 
2021/2/16, 19, 8, , 7, , 
2021/2/17, 19, 6, , 7, , 
2021/2/18, 11, 3, , 4, , 
2021/2/19, 9, 4, , 4, , 
2021/2/20, 12, 9, , 3, , 
2021/2/21, 19, 10, , 11, , 
2021/2/22, 17, 4, , 5, , 
2021/2/23, 9, 7, , 9, , 
2021/2/24, 13, 11, , 8, , 
2021/2/25, 22, 12, , 11, , 
2021/2/26, 20, 6, , 10, , 
2021/2/27, 18, 7, , 8, , 
2021/2/28, 19, 18, , 15, , 
2021/3/1, 43, 18, , 9, , 
2021/3/2, 58, 11, , 7, , 
2021/3/3, 29, 9, , 5, , 
2021/3/4, 17, 16, , 18, , 
2021/3/5, 24, 13, , 9, , 
2021/3/6, 34, 15, , 5, , 
2021/3/7, 49, 9, , 9, , 
2021/3/8, 25, 12, , 9, , 
2021/3/9, 27, 8, , 9, , 
2021/3/10, 19, 5, , 8, , 
2021/3/11, 13, 3, , 9, , 
2021/3/12, 9, 3, , 6, , 
2021/3/13, 8, 5, , 6, , 
2021/3/14, 11, 7, , 15, , 
2021/3/15, 11, 9, , 9, , 
2021/3/16, 19, 20, , 13, , 
2021/3/17, 37, 17, , 13, , 
2021/3/18, 25, 19, , 14, , 
2021/3/19, 30, 12, , 6, , 
2021/3/20, 17, 7, , 9, , 
2021/3/21, 19, 10, , 8, , 
2021/3/22, 12, 14, , 6, , 
2021/3/23, 17, 9, , 8, , 
2021/3/24, 16, 11, , 7, , 
2021/3/25, 17, 4, , 7, , 
2021/3/26, 12, 7, , 4, , 
2021/3/27, 14, 3, , 3, , 
2021/3/28, 9, 4, , 5, , 
2021/3/29, 11, 8, , 8, , 
2021/3/30, 15, 17, , 12, , 
2021/3/31, 28, 11, , 3, , 
2020/10/1, 13, 10, , 8, , 
2020/10/2, 19, 7, , 9, , 
2020/10/3, 17, 17, , 6, , 
2020/10/4, 32, 6, , 11, , 
2020/10/5, 13, 6, , 8, , 
2020/10/6, 11, 8, , 4, , 
2020/10/7, 13, 10, , 7, , 
2020/10/8, 16, 6, , 5, , 
2020/10/9, 10, 2, , 5, , 
2020/10/10, 6, 4, , 8, , 
2020/10/11, 19, 4, , 8, , 
2020/10/12, 10, 9, , 2, , 
2020/10/13, 16, 15, , 1, , 
2020/10/14, 26, 8, , 7, , 
2020/10/15, 12, 8, , 7, , 
2020/10/16, 12, 5, , 1, , 
2020/10/17, 6, 4, , 9, , 
2020/10/18, 16, 8, , 6, , 
2020/10/19, 28, 11, , 9, , 
2020/10/20, 28, 7, , 11, , 
2020/10/21, 14, 4, , 10, , 
2020/10/22, 8, 5, , 13, , 
2020/10/23, 12, 6, , 4, , 
2020/10/24, 14, 6, , 2, , 
2020/10/25, 13, 4, , 9, , 
2020/10/26, 9, 7, , 11, , 
2020/10/27, 15, 8, , 9, , 
2020/10/28, 16, 7, , 11, , 
2020/10/29, 18, 7, , 13, , 
2020/10/30, 15, 5, , 1, , 
2020/10/31, 13, 7, , 3, , 
2020/11/1, 20, 6, , 11, , 
2020/11/2, 13, 4, , 13, , 
2020/11/3, 11, 8, , 13, , 
2020/11/4, 16, 10, , 9, , 
2020/11/5, 27, 16, , 17, , 
2020/11/6, 43, 15, , 11, , 
2020/11/7, 53, 18, , 9, , 
2020/11/8, 57, 15, , 7, , 
2020/11/9, 51, 14, , 4, , 
2020/11/10, 39, 4, , 5, , 
2020/11/11, 9, 5, , 10, , 
2020/11/12, 9, 6, , 9, , 
2020/11/13, 14, 6, , 6, , 
2020/11/14, 12, 3, , 5, , 
2020/11/15, 8, 5, , 11, , 
2020/11/16, 10, 2, , 6, , 
2020/11/17, 6, 3, , 8, , 
2020/11/18, 10, 8, , 17, , 
2020/11/19, 17, 8, , 15, , 
2020/11/20, 16, 4, , 6, , 
2020/11/21, 12, 6, , 6, , 
2020/11/22, 14, 4, , 9, , 
2020/11/23, 9, 3, , 8, , 
2020/11/24, 8, 7, , 13, , 
2020/11/25, 17, 9, , 19, , 
2020/11/26, 21, 12, , 22, , 
2020/11/27, 25, 13, , 18, , 
2020/11/28, 40, 18, , 19, , 
2020/11/29, 60, 5, , 9, , 
2020/11/30, 15, 11, , 17, , 
2020/12/1, 17, 5, , 11, , 
2020/12/2, 13, 5, , 18, , 
2020/12/3, 12, 4, , 4, , 
2020/12/4, 8, 2, , 9, , 
2020/12/5, 5, 2, , 16, , 
2020/12/6, 6, 2, , 19, , 
2020/12/7, 6, 2, , 15, , 
2020/12/8, 5, 2, , 14, , 
2020/12/9, 9, 6, , 10, , 
2020/12/10, 17, 4, , 11, , 
2020/12/11, 10, 5, , 17, , 
2020/12/12, 18, 3, , 6, , 
2020/12/13, 10, 6, , 10, , 
2020/12/14, 14, 5, , 14, , 
2020/12/15, 10, 5, , 4, , 
2020/12/16, 12, 4, , , , 
2020/12/17, 9, 2, , , , 
2020/12/18, 8, 4, , , , 
2020/12/19, 11, 5, , , , 
2020/12/20, 12, 9, , , , 
2020/12/21, 21, 6, , , , 
2020/12/22, 15, 6, , , , 
2020/12/23, 20, 4, , , , 
2020/12/24, 9, 4, , , , 
2020/12/25, 10, 5, , , , 
2020/12/26, 14, 4, , , , 
2020/12/27, 10, 10, , , , 
2020/12/28, 34, 5, , , , 
2020/12/29, 15, 5, , , , 
2020/12/30, 15, 3, , , , 
2020/12/31, 9, 3, , , , 
2021/1/1, 13, 4, , , , 
2021/1/2, 17, 6, , , , 
2021/1/3, 12, 8, , , , 
2020/7/1, 16, 9, , 2, , 
2020/7/2, 12, 3, , 6, , 
2020/7/3, 7, 4, , 4, , 
2020/7/4, 8, 4, , , , 
2020/7/5, 9, 7, , 3, , 
2020/7/6, 12, 9, , 5, , 
2020/7/7, 13, 8, , 2, , 
2020/7/8, 12, 11, , 3, , 
2020/7/9, 15, 5, , 6, , 
2020/7/10, 8, 4, , 6, , 
2020/7/11, 8, 3, , 3, , 
2020/7/12, 8, 4, , 3, , 
2020/7/13, 7, 5, , 5, , 
2020/7/14, 6, 4, , 8, , 
2020/7/15, 6, 11, , 9, , 
2020/7/16, 15, 5, , 9, , 
2020/7/17, 9, 7, , 10, , 
2020/7/18, 14, 8, , 9, , 
2020/7/19, 22, 9, , 11, , 
2020/7/20, 12, 8, , 13, , 
2020/7/21, 10, 5, , 10, , 
2020/7/22, 11, 4, , 6, , 
2020/7/23, 8, 7, , 7, , 
2020/7/24, 16, 3, , 5, , 
2020/7/25, 8, 4, , 7, , 
2020/7/26, 10, 5, , 7, , 
2020/7/27, 10, 8, , 9, , 
2020/7/28, 10, 10, , 10, , 
2020/7/29, 17, 7, , 9, , 
2020/7/30, 15, 21, , 12, , 
2020/7/31, 40, 6, , 8, , 
2020/8/1, 13, 4, , 8, , 
2020/8/2, 10, 7, , 11, , 
2020/8/3, 12, 3, , 7, , 
2020/8/4, 8, 5, , 7, , 
2020/8/5, 10, 7, , 8, , 
2020/8/6, 13, 4, , 8, , 
2020/8/7, 7, 5, , 8, , 
2020/8/8, 12, 10, , 6, , 
2020/8/9, 22, 17, , 9, , 
2020/8/10, 34, 21, , 9, , 
2020/8/11, 50, 11, , 11, , 
2020/8/12, 35, 11, , 10, , 
2020/8/13, 30, 5, , 10, , 
2020/8/14, 13, 4, , 8, , 
2020/8/15, 12, 8, , 7, , 
2020/8/16, 17, 7, , 9, , 
2020/8/17, 20, 13, , 10, , 
2020/8/18, 43, 16, , 9, , 
2020/8/19, 46, 12, , 9, , 
2020/8/20, 23, 5, , 9, , 
2020/8/21, 11, 7, , 8, , 
2020/8/22, 17, 3, , 9, , 
2020/8/23, 8, 5, , 10, , 
2020/8/24, 8, 10, , 6, , 
2020/8/25, 19, 7, , 10, , 
2020/8/26, 11, 12, , 7, , 
2020/8/27, 23, 11, , 6, , 
2020/8/28, 12, 7, , 9, , 
2020/8/29, 7, 4, , 11, , 
2020/8/30, 8, 9, , 13, , 
2020/8/31, 13, 10, , 12, , 
2020/9/1, 17, 4, , 9, , 
2020/9/2, 9, 8, , 10, , 
2020/9/3, 15, 8, , 11, , 
2020/9/4, 18, 8, , 10, , 
2020/9/5, 18, 4, , 10, , 
2020/9/6, 11, 2, , 9, , 
2020/9/7, 6, 4, , 8, , 
2020/9/8, 7, 10, , 10, , 
2020/9/9, 21, 13, , 13, , 
2020/9/10, 25, 8, , 9, , 
2020/9/11, 17, 9, , 9, , 
2020/9/12, 25, 4, , 5, , 
2020/9/13, 11, 9, , 9, , 
2020/9/14, 18, 20, , 9, , 
2020/9/15, 41, 13, , 8, , 
2020/9/16, 19, 13, , 13, , 
2020/9/17, 23, 13, , 11, , 
2020/9/18, 29, 9, , 10, , 
2020/9/19, 15, 4, , 10, , 
2020/9/20, 12, 12, , 9, , 
2020/9/21, 29, 10, , 9, , 
2020/9/22, 23, 4, , 10, , 
2020/9/23, 7, 9, , 8, , 
2020/9/24, 14, 12, , 12, , 
2020/9/25, 12, 10, , 10, , 
2020/9/26, 17, 11, , 11, , 
2020/9/27, 28, 12, , 11, , 
2020/9/28, 21, 9, , 9, , 
2020/9/29, 16, 11, , 7, , 
2020/9/30, 14, 6, , 10, , 
2020/4/1, 9, 7, , 1, , 
2020/4/2, 14, 5, , 5, , 
2020/4/3, 11, 4, , 3, , 
2020/4/4, 13, 10, , 2, , 
2020/4/5, 26, 8, , 3, , 
2020/4/6, 16, 10, , 5, , 
2020/4/7, 20, 10, , 3, , 
2020/4/8, 18, 12, , 4, , 
2020/4/9, 28, 16, , 10, , 
2020/4/10, 44, 9, , 4, , 
2020/4/11, 36, 11, , 1, , 
2020/4/12, 25, 14, , 4, , 
2020/4/13, 28, 12, , 3, , 
2020/4/14, 31, 10, , 3, , 
2020/4/15, 26, 12, , 5, , 
2020/4/16, 25, 15, , 2, , 
2020/4/17, 25, 19, , 3, , 
2020/4/18, 26, 18, , 3, , 
2020/4/19, 27, 17, , 3, , 
2020/4/20, 25, 22, , 2, , 
2020/4/21, 32, 15, , 2, , 
2020/4/22, 29, 13, , 4, , 
2020/4/23, 24, 17, , 9, , 
2020/4/24, 37, 20, , 5, , 
2020/4/25, 53, 8, , 2, , 
2020/4/26, 23, 10, , 3, , 
2020/4/27, 11, 9, , 2, , 
2020/4/28, 16, 8, , 3, , 
2020/4/29, 18, 10, , 4, , 
2020/4/30, 29, 8, , 3, , 
2020/5/1, 23, 4, , 3, , 
2020/5/2, 10, 8, , 1, , 
2020/5/3, 23, 7, , 3, , 
2020/5/4, 16, 11, , 7, , 
2020/5/5, 15, 10, , 10, , 
2020/5/6, 23, 10, , 12, , 
2020/5/7, 24, 7, , 4, , 
2020/5/8, 22, 8, , 7, , 
2020/5/9, 22, 8, , 2, , 
2020/5/10, 13, 5, , 7, , 
2020/5/11, 11, 7, , 4, , 
2020/5/12, 11, 4, , 5, , 
2020/5/13, 11, 6, , 5, , 
2020/5/14, 10, 6, , 3, , 
2020/5/15, 10, 5, , 1, , 
2020/5/16, 12, 3, , 2, , 
2020/5/17, 13, 3, , 5, , 
2020/5/18, 11, 3, , 7, , 
2020/5/19, 10, 6, , 10, , 
2020/5/20, 18, 7, , 11, , 
2020/5/21, 17, 15, , 5, , 
2020/5/22, 31, 10, , 3, , 
2020/5/23, 19, 6, , 3, , 
2020/5/24, 18, 9, , 8, , 
2020/5/25, 23, 10, , 6, , 
2020/5/26, 23, 12, , 6, , 
2020/5/27, 27, 16, , 11, , 
2020/5/28, 25, 20, , 18, , 
2020/5/29, 40, 15, , 8, , 
2020/5/30, 24, 22, , 6, , 
2020/5/31, 36, 11, , 12, , 
2020/6/1, 24, 13, , 13, , 
2020/6/2, 30, 6, , 7, , 
2020/6/3, 9, 6, , 8, , 
2020/6/4, 9, 3, , 5, , 
2020/6/5, 6, 7, , 6, , 
2020/6/6, 11, 7, , 7, , 
2020/6/7, 16, 7, , 7, , 
2020/6/8, 14, 10, , 10, , 
2020/6/9, 20, 6, , 10, , 
2020/6/10, 18, 14, , 8, , 
2020/6/11, 25, 23, , 11, , 
2020/6/12, 44, 9, , 12, , 
2020/6/13, 34, 7, , 14, , 
2020/6/14, 26, 8, , 16, , 
2020/6/15, 28, 7, , 16, , 
2020/6/16, 24, 16, , 16, , 
2020/6/17, 25, 13, , 13, , 
2020/6/18, 28, 15, , 15, , 
2020/6/19, 33, 6, , 13, , 
2020/6/20, 16, 6, , 12, , 
2020/6/21, 14, 6, , 11, , 
2020/6/22, 14, 3, , 12, , 
2020/6/23, 8, 22, , 14, , 
2020/6/24, 31, 24, , 9, , 
2020/6/25, 49, 17, , 11, , 
2020/6/26, 46, 8, , 8, , 
2020/6/27, 25, 1, , 4, , 
2020/6/28, 5, 3, , 7, , 
2020/6/29, 8, 5, , 9, , 
2020/6/30, 11, 10, , 6, , 
2020/1/1, 39, 6, , 5, , 
2020/1/2, 17, 8, , 9, , 
2020/1/3, 18, 4, , 6, , 
2020/1/4, 11, 1, , 5, , 
2020/1/5, 8, 8, , 7, , 
2020/1/6, 14, 7, , 6, , 
2020/1/7, 21, 8, , 11, , 
2020/1/8, 20, 8, , 17, , 
2020/1/9, 21, 8, , 19, , 
2020/1/10, 23, 2, , 6, , 
2020/1/11, 7, 4, , 9, , 
2020/1/12, 11, 7, , 7, , 
2020/1/13, 15, 7, , 11, , 
2020/1/14, 14, 8, , 7, , 
2020/1/15, 18, 11, , 8, , 
2020/1/16, 17, 7, , 13, , 
2020/1/17, 17, 6, , 12, , 
2020/1/18, 16, 6, , 12, , 
2020/1/19, 14, 9, , 9, , 
2020/1/20, 19, 4, , 10, , 
2020/1/21, 10, 5, , 12, , 
2020/1/22, 13, 4, , 10, , 
2020/1/23, 9, 3, , 12, , 
2020/1/24, 9, 4, , 8, , 
2020/1/25, 11, 6, , 8, , 
2020/1/26, 15, 6, , 13, , 
2020/1/27, 14, 3, , 12, , 
2020/1/28, 8, 4, , 10, , 
2020/1/29, 10, 4, , 7, , 
2020/1/30, 13, 5, , 9, , 
2020/1/31, 15, 4, , 9, , 
2020/2/1, 12, 4, , 12, , 
2020/2/2, 13, 7, , 8, , 
2020/2/3, 18, 8, , 14, , 
2020/2/4, 17, 10, , 7, , 
2020/2/5, 20, 12, , , , 
2020/2/6, 35, 15, , , , 
2020/2/7, 42, 6, , , , 
2020/2/8, 15, 4, , , , 
2020/2/9, 13, 2, , , , 
2020/2/10, 7, 6, , , , 
2020/2/11, 16, 6, , , , 
2020/2/12, 15, 8, , , , 
2020/2/13, 17, 7, , , , 
2020/2/14, 19, 7, , , , 
2020/2/15, 22, 7, , , , 
2020/2/16, 16, 5, , , , 
2020/2/17, 14, 4, , , , 
2020/2/18, 11, 6, , , , 
2020/2/19, 15, 5, , , , 
2020/2/20, 11, 4, , , , 
2020/2/21, 13, 6, , , , 
2020/2/22, 16, 4, , , , 
2020/2/23, 11, 3, , , , 
2020/2/24, 9, 3, , , , 
2020/2/25, 10, 6, , , , 
2020/2/26, 13, 7, , , , 
2020/2/27, 12, 4, , , , 
2020/2/28, 11, 4, , , , 
2020/2/29, 12, 5, , , , 
2020/3/1, 13, 6, , , , 
2020/3/2, 13, 6, , , , 
2020/3/3, 13, 9, , 20, , 
2020/3/4, 20, 11, , 23, , 
2020/3/5, 29, 13, , 16, , 
2020/3/6, 35, 5, , 2, , 
2020/3/7, 10, 4, , 2, , 
2020/3/8, 9, 5, , 7, , 
2020/3/9, 13, 7, , 5, , 
2020/3/10, 17, 6, , 7, , 
2020/3/11, 14, 3, , 4, , 
2020/3/12, 10, 12, , 3, , 
2020/3/13, 25, 6, , 2, , 
2020/3/14, 19, 3, , 1, , 
2020/3/15, 8, 6, , 7, , 
2020/3/16, 10, 6, , 11, , 
2020/3/17, 16, 6, , 10, , 
2020/3/18, 12, 9, , 13, , 
2020/3/19, 16, 12, , 9, , 
2020/3/20, 17, 7, , 3, , 
2020/3/21, 15, 18, , 8, , 
2020/3/22, 39, 20, , 14, , 
2020/3/23, 44, 16, , 7, , 
2020/3/24, 46, 10, , 7, , 
2020/3/25, 28, 6, , 3, , 
2020/3/26, 19, 4, , 6, , 
2020/3/27, 10, 8, , 3, , 
2020/3/28, 21, 7, , 2, , 
2020/3/29, 13, 10, , 5, , 
2020/3/30, 11, 3, , 7, , 
2020/3/31, 8, 5, , 3, , 
2019/10/1, 10, 5, , 11, , 
2019/10/2, 11, 11, , 9, , 
2019/10/3, 21, 12, , 6, , 
2019/10/4, 21, 9, , 6, , 
2019/10/5, 19, 7, , 4, , 
2019/10/6, 16, 7, , 9, , 
2019/10/7, 18, 8, , 5, , 
2019/10/8, 19, 8, , 7, , 
2019/10/9, 17, 6, , 9, , 
2019/10/10, 14, 8, , 7, , 
2019/10/11, 17, 5, , 10, , 
2019/10/12, 12, 6, , 11, , 
2019/10/13, 20, 8, , 14, , 
2019/10/14, 22, 8, , 15, , 
2019/10/15, 25, 9, , 16, , 
2019/10/16, 22, 10, , 16, , 
2019/10/17, 21, 8, , 19, , 
2019/10/18, 21, 8, , 11, , 
2019/10/19, 14, 4, , , , 
2019/10/20, 9, 5, , , , 
2019/10/21, 11, 6, , 10, , 
2019/10/22, 13, 6, , 10, , 
2019/10/23, 13, 5, , 13, , 
2019/10/24, 11, 6, , 16, , 
2019/10/25, 11, 5, , 8, , 
2019/10/26, 8, 5, , 7, , 
2019/10/27, 14, 7, , 15, , 
2019/10/28, 13, 7, , 8, , 
2019/10/29, 12, 7, , 19, , 
2019/10/30, 13, 13, , 15, , 
2019/10/31, 35, 9, , 9, , 
2019/11/1, 32, 10, , 15, , 
2019/11/2, 24, 15, , 4, , 
2019/11/3, 30, 13, , 2, , 
2019/11/4, 23, 12, , 7, , 
2019/11/5, 21, 15, , 15, , 
2019/11/6, 35, 9, , 4, , 
2019/11/7, 16, 9, , 12, , 
2019/11/8, 17, 8, , 13, , 
2019/11/9, 20, 7, , 12, , 
2019/11/10, 19, 3, , 13, , 
2019/11/11, 8, 5, , 9, , 
2019/11/12, 19, 9, , 22, , 
2019/11/13, 20, 5, , 8, , 
2019/11/14, 10, 6, , 5, , 
2019/11/15, 12, 8, , 18, , 
2019/11/16, 23, 12, , 24, , 
2019/11/17, 42, 11, , 31, , 
2019/11/18, 37, 10, , 27, , 
2019/11/19, 25, 13, , 13, , 
2019/11/20, 45, 9, , 11, , 
2019/11/21, 25, 13, , 9, , 
2019/11/22, 34, 17, , 3, , 
2019/11/23, 43, 19, , 8, , 
2019/11/24, 53, 17, , 12, , 
2019/11/25, 47, 10, , 8, , 
2019/11/26, 28, 8, , 19, , 
2019/11/27, 22, 11, , 10, , 
2019/11/28, 15, 9, , 26, , 
2019/11/29, 23, 16, , 32, , 
2019/11/30, 50, 9, , 22, , 
2019/12/1, 32, 5, , 14, , 
2019/12/2, 14, 9, , 15, , 
2019/12/3, 30, 8, , 11, , 
2019/12/4, 19, 4, , 9, , 
2019/12/5, 12, 4, , 12, , 
2019/12/6, 12, 2, , 9, , 
2019/12/7, 7, 4, , 5, , 
2019/12/8, 11, 8, , 12, , 
2019/12/9, 18, 5, , 7, , 
2019/12/10, 14, 6, , 11, , 
2019/12/11, 14, 8, , 18, , 
2019/12/12, 24, 5, , 19, , 
2019/12/13, 17, 4, , 8, , 
2019/12/14, 15, 7, , 11, , 
2019/12/15, 16, 4, , 17, , 
2019/12/16, 12, 4, , 16, , 
2019/12/17, 11, 7, , 20, , 
2019/12/18, 20, 9, , 15, , 
2019/12/19, 23, 6, , 17, , 
2019/12/20, 14, 6, , 16, , 
2019/12/21, 20, 7, , 22, , 
2019/12/22, 27, 5, , 11, , 
2019/12/23, 12, 6, , 18, , 
2019/12/24, 17, 6, , 16, , 
2019/12/25, 24, 5, , 4, , 
2019/12/26, 16, 4, , 16, , 
2019/12/27, 14, 7, , 4, , 
2019/12/28, 19, 8, , , , 
2019/12/29, 21, , , , , 
2019/7/1, 10, 8, , 4, , 
2019/7/2, 15, 8, , 6, , 
2019/7/3, 14, 7, , 5, , 
2019/7/4, 12, 3, , 5, , 
2019/7/5, 6, 5, , 3, , 
2019/7/6, 10, 4, , 2, , 
2019/7/7, 9, 13, , 5, , 
2019/7/8, 19, 10, , 12, , 
2019/7/9, 20, 6, , 10, , 
2019/7/10, 13, 6, , 11, , 
2019/7/11, 11, 6, , 8, , 
2019/7/12, 11, 5, , 6, , 
2019/7/13, 12, 6, , 4, , 
2019/7/14, 11, 8, , 7, , 
2019/7/15, 18, 12, , 14, , 
2019/7/16, 31, 9, , 10, , 
2019/7/17, 20, 7, , 7, , 
2019/7/18, 15, 8, , 9, , 
2019/7/19, 17, 4, , 8, , 
2019/7/20, 9, 3, , 5, , 
2019/7/21, 7, 8, , 6, , 
2019/7/22, 16, 9, , 7, , 
2019/7/23, 22, 10, , 11, , 
2019/7/24, 24, 25, , 9, , 
2019/7/25, 51, 23, , 11, , 
2019/7/26, 47, 10, , 9, , 
2019/7/27, 24, 23, , 4, , 
2019/7/28, 56, 20, , 9, , 
2019/7/29, 47, 13, , 8, , 
2019/7/30, 27, 14, , 6, , 
2019/7/31, 32, 11, , 9, , 
2019/8/1, 24, 9, , 7, , 
2019/8/2, 18, 9, , 5, , 
2019/8/3, 25, 11, , 5, , 
2019/8/4, 30, 7, , 10, , 
2019/8/5, 15, 7, , 10, , 
2019/8/6, 15, 6, , 11, , 
2019/8/7, 12, 6, , 7, , 
2019/8/8, 10, 11, , 6, , 
2019/8/9, 23, 8, , 8, , 
2019/8/10, 17, 3, , 5, , 
2019/8/11, 7, 5, , 11, , 
2019/8/12, 10, 6, , 11, , 
2019/8/13, 14, 6, , 10, , 
2019/8/14, 11, 6, , 8, , 
2019/8/15, 9, 5, , 7, , 
2019/8/16, 12, 8, , 6, , 
2019/8/17, 17, 7, , 5, , 
2019/8/18, 18, 11, , 8, , 
2019/8/19, 20, 7, , 12, , 
2019/8/20, 18, 7, , 10, , 
2019/8/21, 17, 7, , 9, , 
2019/8/22, 14, 6, , 8, , 
2019/8/23, 15, 11, , 9, , 
2019/8/24, 31, 18, , 9, , 
2019/8/25, 54, 12, , 10, , 
2019/8/26, 34, 12, , 10, , 
2019/8/27, 29, 7, , 9, , 
2019/8/28, 12, 10, , 8, , 
2019/8/29, 19, 8, , 7, , 
2019/8/30, 20, 6, , 5, , 
2019/8/31, 16, 4, , 5, , 
2019/9/1, 9, 3, , 8, , 
2019/9/2, 7, 2, , 10, , 
2019/9/3, 9, 6, , 7, , 
2019/9/4, 14, 11, , 9, , 
2019/9/5, 22, 7, , 8, , 
2019/9/6, 13, 4, , 7, , 
2019/9/7, 9, 4, , 8, , 
2019/9/8, 12, 7, , 10, , 
2019/9/9, 20, 5, , 10, , 
2019/9/10, 14, 8, , 9, , 
2019/9/11, 17, 6, , 10, , 
2019/9/12, 14, 11, , 10, , 
2019/9/13, 21, 7, , 7, , 
2019/9/14, 13, 14, , 8, , 
2019/9/15, 32, 9, , 10, , 
2019/9/16, 17, 10, , 13, , 
2019/9/17, 19, 9, , 14, , 
2019/9/18, 17, 9, , 12, , 
2019/9/19, 21, 17, , 15, , 
2019/9/20, 39, 16, , 8, , 
2019/9/21, 40, 19, , 8, , 
2019/9/22, 50, 8, , 12, , 
2019/9/23, 26, 10, , , , 
2019/9/24, 23, 10, , , , 
2019/9/25, 23, 5, , 12, , 
2019/9/26, 12, 6, , 14, , 
2019/9/27, 14, 4, , 11, , 
2019/9/28, 11, 9, , 10, , 
2019/9/29, 22, 5, , 11, , 
2019/9/30, 9, 8, , 6, , 
2019/4/1, 26, 4, , 9, , 
2019/4/2, 9, 5, , 10, , 
2019/4/3, 11, 8, , 9, , 
2019/4/4, 18, 24, , 6, , 
2019/4/5, 63, 30, , 6, , 
2019/4/6, 74, 29, , , , 
2019/4/7, 66, 25, , 1, , 
2019/4/8, 50, 16, , 5, , 
2019/4/9, 36, 15, , 15, , 
2019/4/10, 39, 17, , 8, , 
2019/4/11, 48, 19, , 12, , 
2019/4/12, 42, 12, , 3, , 
2019/4/13, 26, 9, , 3, , 
2019/4/14, 21, 29, , 5, , 
2019/4/15, 54, 29, , 6, , 
2019/4/16, 63, 24, , 3, , 
2019/4/17, 54, 28, , 6, , 
2019/4/18, 65, 25, , 7, , 
2019/4/19, 59, 31, , 16, , 
2019/4/20, 77, 24, , 11, , 
2019/4/21, 65, 27, , 7, , 
2019/4/22, 65, 35, , 3, , 
2019/4/23, 64, 55, , 2, , 
2019/4/24, 86, 15, , 8, , 
2019/4/25, 29, 5, , 6, , 
2019/4/26, 10, 6, , 4, , 
2019/4/27, 22, 6, , 3, , 
2019/4/28, 18, 12, , 4, , 
2019/4/29, 36, 15, , 9, , 
2019/4/30, 48, 9, , 14, , 
2019/5/1, 26, 8, , 7, , 
2019/5/2, 15, 11, , 4, , 
2019/5/3, 14, 11, , 2, , 
2019/5/4, 17, 6, , 5, , 
2019/5/5, 17, 5, , 6, , 
2019/5/6, 13, 8, , 6, , 
2019/5/7, 16, 8, , 4, , 
2019/5/8, 20, 12, , 4, , 
2019/5/9, 18, 7, , 6, , 
2019/5/10, 12, 3, , 6, , 
2019/5/11, 11, 6, , 5, , 
2019/5/12, 14, 9, , 11, , 
2019/5/13, 17, 21, , 13, , 
2019/5/14, 42, 26, , 9, , 
2019/5/15, 61, 25, , 5, , 
2019/5/16, 35, 15, , 2, , 
2019/5/17, 28, 4, , 2, , 
2019/5/18, 13, 6, , 6, , 
2019/5/19, 19, 5, , 8, , 
2019/5/20, 11, 5, , 8, , 
2019/5/21, 10, 5, , 3, , 
2019/5/22, 7, 7, , 5, , 
2019/5/23, 9, 8, , 5, , 
2019/5/24, 14, 6, , 6, , 
2019/5/25, 17, 5, , 2, , 
2019/5/26, 14, 4, , 6, , 
2019/5/27, 8, 4, , 4, , 
2019/5/28, 7, 6, , 9, , 
2019/5/29, 15, 6, , 6, , 
2019/5/30, 14, 5, , 5, , 
2019/5/31, 13, 7, , 4, , 
2019/6/1, 18, 6, , 2, , 
2019/6/2, 15, 6, , 5, , 
2019/6/3, 11, 6, , 7, , 
2019/6/4, 15, 9, , 4, , 
2019/6/5, 22, 6, , 9, , 
2019/6/6, 16, 8, , 5, , 
2019/6/7, 21, 7, , 9, , 
2019/6/8, 17, 3, , 5, , 
2019/6/9, 9, 7, , 4, , 
2019/6/10, 16, 7, , 2, , 
2019/6/11, 11, 8, , 3, , 
2019/6/12, 12, 4, , 11, , 
2019/6/13, 8, 5, , 8, , 
2019/6/14, 13, 9, , 5, , 
2019/6/15, 22, 5, , 4, , 
2019/6/16, 14, 7, , 6, , 
2019/6/17, 13, 16, , 8, , 
2019/6/18, 25, 10, , 9, , 
2019/6/19, 21, 5, , 7, , 
2019/6/20, 9, 7, , 7, , 
2019/6/21, 11, 6, , 5, , 
2019/6/22, 15, 10, , 4, , 
2019/6/23, 24, 11, , 4, , 
2019/6/24, 22, 9, , 5, , 
2019/6/25, 19, 12, , 5, , 
2019/6/26, 24, 15, , 7, , 
2019/6/27, 36, 21, , 3, , 
2019/6/28, 40, 18, , 8, , 
2019/6/29, 49, 6, , 2, , 
2019/6/30, 17, 6, , 4, , 
2019/3/18, 11, 5, 26, 38, 4, 
2019/3/19, 11, 5, 25, 26, 4, 
2019/3/20, 8, 9, 25, 21, 4, 
2019/3/21, 14, 12, , 8, , 
2019/3/22, 22, 10, , 6, , 
2019/3/23, 23, 8, , 6, , 
2019/3/24, 18, 11, , 3, , 
2019/3/25, 21, 10, , 11, , 
2019/3/26, 20, 11, , 10, , 
2019/3/27, 28, 12, , 10, , 
2019/3/28, 29, 13, , 10, , 
2019/3/29, 36, 10, , 10, , 
2019/3/30, 34, 8, , 6, , 
2019/3/31, 17, 10, , 3, , 
2025/5/6, , 20, , 2, , 
2024/12/31, , 7, , 6, , 
2025/3/23, , 10, , , , 
2023/5/30, , 15, , 2, , 
2022/4/5, , 4, , 4, , 
2019/12/31, , 11, , 6, , 
2019/3/17, , 8, 28, 25, 7, 
2019/3/14, , , 25, 24, 7, 
2019/3/15, , , 29, 30, 7, 
2019/3/16, , , 28, 24, 8, 
2025/3/18, , , , 13, , 
2018/2/13, , , , , , 2
2018/2/14, , , , , , 4
2018/2/15, , , , , , 4
2018/2/16, , , , , , 2
2018/2/17, , , , , , 1
2018/2/18, , , , , , 2
2018/2/19, , , , , , 5